Recognition Log: Jotsna Gowda & Diksha Verma,$1 Algorithm
User[all-users],GestureType[all-gestures-types],RandomIteration[1to100],#ofTrainingExamples[E],TrainingSetSize[count],TrainingSetContents[specific-gesture-instances],Candidate[specific-instance],RecoResultGestureType[what-was-recognized],Correct/Incorrect[1or0],RecoResultScore,RecoResultBestMatch[specific-instance],RecoResultNBestSorted
user1,v,0,1,16,user1-v-1user1-triangle-1user1-delete-4user1-circle-0user1-caret-3user1-check-5user1-left-square-bracket-2user1-zig-zig-1user1-arrow-2user1-pigtail-9user1-x-6user1-right-square-bracket-5user1-rectangle-5user1-star-2user1-left-curly-brace-4user1-right-curly-brace-6,user1-v-5::::,user1-v-1::::,1,0.9600193365326437,user1-v-1::::,user1-triangle-1-0.9600193365326437::::user1-delete-4-0.9600193365326437::::user1-circle-0-0.9600193365326437::::user1-caret-3-0.9600193365326437::::user1-check-5-0.9600193365326437::::user1-left-square-bracket-2-0.9600193365326437::::user1-zig-zig-1-0.9600193365326437::::user1-arrow-2-0.9600193365326437::::user1-pigtail-9-0.9600193365326437::::user1-x-6-0.9600193365326437::::user1-right-square-bracket-5-0.9600193365326437::::user1-rectangle-5-0.9600193365326437::::user1-star-2-0.9600193365326437::::user1-left-curly-brace-4-0.9600193365326437::::user1-right-curly-brace-6-0.9600193365326437::::user1-v-1-0.9600193365326437::::user1-v-1--inf::::
user1,triangle,0,1,16,user1-v-1user1-triangle-1user1-delete-4user1-circle-0user1-caret-3user1-check-5user1-left-square-bracket-2user1-zig-zig-1user1-arrow-2user1-pigtail-9user1-x-6user1-right-square-bracket-5user1-rectangle-5user1-star-2user1-left-curly-brace-4user1-right-curly-brace-6,user1-triangle-2::::,user1-triangle-1::::,1,0.8920557108174159,user1-triangle-1::::,user1-delete-4-0.8920557108174159::::user1-circle-0-0.8920557108174159::::user1-caret-3-0.8920557108174159::::user1-check-5-0.8920557108174159::::user1-left-square-bracket-2-0.8920557108174159::::user1-zig-zig-1-0.8920557108174159::::user1-arrow-2-0.8920557108174159::::user1-pigtail-9-0.8920557108174159::::user1-x-6-0.8920557108174159::::user1-right-square-bracket-5-0.8920557108174159::::user1-rectangle-5-0.8920557108174159::::user1-star-2-0.8920557108174159::::user1-left-curly-brace-4-0.8920557108174159::::user1-right-curly-brace-6-0.8920557108174159::::user1-triangle-1-0.8920557108174159::::user1-triangle-1-0.4881798049908751::::user1-v-1--inf::::
user1,delete,0,1,16,user1-v-1user1-triangle-1user1-delete-4user1-circle-0user1-caret-3user1-check-5user1-left-square-bracket-2user1-zig-zig-1user1-arrow-2user1-pigtail-9user1-x-6user1-right-square-bracket-5user1-rectangle-5user1-star-2user1-left-curly-brace-4user1-right-curly-brace-6,user1-delete-9::::,user1-delete-4::::,1,0.759000749880257,user1-delete-4::::,user1-circle-0-0.759000749880257::::user1-caret-3-0.759000749880257::::user1-check-5-0.759000749880257::::user1-left-square-bracket-2-0.759000749880257::::user1-zig-zig-1-0.759000749880257::::user1-arrow-2-0.759000749880257::::user1-pigtail-9-0.759000749880257::::user1-x-6-0.759000749880257::::user1-right-square-bracket-5-0.759000749880257::::user1-rectangle-5-0.759000749880257::::user1-star-2-0.759000749880257::::user1-left-curly-brace-4-0.759000749880257::::user1-right-curly-brace-6-0.759000749880257::::user1-delete-4-0.759000749880257::::user1-triangle-1-0.673331810198835::::user1-delete-4-0.673331810198835::::user1-v-1--inf::::
user1,circle,0,1,16,user1-v-1user1-triangle-1user1-delete-4user1-circle-0user1-caret-3user1-check-5user1-left-square-bracket-2user1-zig-zig-1user1-arrow-2user1-pigtail-9user1-x-6user1-right-square-bracket-5user1-rectangle-5user1-star-2user1-left-curly-brace-4user1-right-curly-brace-6,user1-circle-7::::,user1-circle-0::::,1,0.9389577345346156,user1-circle-0::::,user1-caret-3-0.9389577345346156::::user1-check-5-0.9389577345346156::::user1-left-square-bracket-2-0.9389577345346156::::user1-zig-zig-1-0.9389577345346156::::user1-arrow-2-0.9389577345346156::::user1-pigtail-9-0.9389577345346156::::user1-x-6-0.9389577345346156::::user1-right-square-bracket-5-0.9389577345346156::::user1-rectangle-5-0.9389577345346156::::user1-star-2-0.9389577345346156::::user1-left-curly-brace-4-0.9389577345346156::::user1-right-curly-brace-6-0.9389577345346156::::user1-circle-0-0.9389577345346156::::user1-delete-4-0.8038775710328993::::user1-circle-0-0.8038775710328993::::user1-triangle-1-0.44208545051752::::user1-v-1--inf::::
user1,caret,0,1,16,user1-v-1user1-triangle-1user1-delete-4user1-circle-0user1-caret-3user1-check-5user1-left-square-bracket-2user1-zig-zig-1user1-arrow-2user1-pigtail-9user1-x-6user1-right-square-bracket-5user1-rectangle-5user1-star-2user1-left-curly-brace-4user1-right-curly-brace-6,user1-caret-0::::,user1-caret-3::::,1,0.8433566745308751,user1-caret-3::::,user1-check-5-0.8433566745308751::::user1-left-square-bracket-2-0.8433566745308751::::user1-zig-zig-1-0.8433566745308751::::user1-arrow-2-0.8433566745308751::::user1-pigtail-9-0.8433566745308751::::user1-x-6-0.8433566745308751::::user1-right-square-bracket-5-0.8433566745308751::::user1-rectangle-5-0.8433566745308751::::user1-star-2-0.8433566745308751::::user1-left-curly-brace-4-0.8433566745308751::::user1-right-curly-brace-6-0.8433566745308751::::user1-caret-3-0.8433566745308751::::user1-circle-0-0.4430653108465876::::user1-caret-3-0.4430653108465876::::user1-triangle-1-0.34286806174653317::::user1-delete-4-0.34286806174653317::::user1-v-1--inf::::
user1,check,0,1,16,user1-v-1user1-triangle-1user1-delete-4user1-circle-0user1-caret-3user1-check-5user1-left-square-bracket-2user1-zig-zig-1user1-arrow-2user1-pigtail-9user1-x-6user1-right-square-bracket-5user1-rectangle-5user1-star-2user1-left-curly-brace-4user1-right-curly-brace-6,user1-check-0::::,user1-check-5::::,1,0.9499907271518148,user1-check-5::::,user1-left-square-bracket-2-0.9499907271518148::::user1-zig-zig-1-0.9499907271518148::::user1-arrow-2-0.9499907271518148::::user1-pigtail-9-0.9499907271518148::::user1-x-6-0.9499907271518148::::user1-right-square-bracket-5-0.9499907271518148::::user1-rectangle-5-0.9499907271518148::::user1-star-2-0.9499907271518148::::user1-left-curly-brace-4-0.9499907271518148::::user1-right-curly-brace-6-0.9499907271518148::::user1-check-5-0.9499907271518148::::user1-triangle-1-0.6286771346085154::::user1-delete-4-0.6286771346085154::::user1-circle-0-0.6286771346085154::::user1-caret-3-0.6286771346085154::::user1-check-5-0.6286771346085154::::user1-v-1--inf::::
user1,left-square-bracket,0,1,16,user1-v-1user1-triangle-1user1-delete-4user1-circle-0user1-caret-3user1-check-5user1-left-square-bracket-2user1-zig-zig-1user1-arrow-2user1-pigtail-9user1-x-6user1-right-square-bracket-5user1-rectangle-5user1-star-2user1-left-curly-brace-4user1-right-curly-brace-6,user1-left-square-bracket-4::::,user1-left-square-bracket-2::::,1,0.9108969589249089,user1-left-square-bracket-2::::,user1-zig-zig-1-0.9108969589249089::::user1-arrow-2-0.9108969589249089::::user1-pigtail-9-0.9108969589249089::::user1-x-6-0.9108969589249089::::user1-right-square-bracket-5-0.9108969589249089::::user1-rectangle-5-0.9108969589249089::::user1-star-2-0.9108969589249089::::user1-left-curly-brace-4-0.9108969589249089::::user1-right-curly-brace-6-0.9108969589249089::::user1-left-square-bracket-2-0.9108969589249089::::user1-left-square-bracket-2-0.7732523329195862::::user1-triangle-1-0.7212489164582647::::user1-delete-4-0.7212489164582647::::user1-circle-0-0.7212489164582647::::user1-caret-3-0.7212489164582647::::user1-check-5-0.7212489164582647::::user1-v-1--inf::::
user1,zig-zig,0,1,16,user1-v-1user1-triangle-1user1-delete-4user1-circle-0user1-caret-3user1-check-5user1-left-square-bracket-2user1-zig-zig-1user1-arrow-2user1-pigtail-9user1-x-6user1-right-square-bracket-5user1-rectangle-5user1-star-2user1-left-curly-brace-4user1-right-curly-brace-6,user1-zig-zig-2::::,user1-zig-zig-1::::,1,0.8436164282243155,user1-zig-zig-1::::,user1-arrow-2-0.8436164282243155::::user1-pigtail-9-0.8436164282243155::::user1-x-6-0.8436164282243155::::user1-right-square-bracket-5-0.8436164282243155::::user1-rectangle-5-0.8436164282243155::::user1-star-2-0.8436164282243155::::user1-left-curly-brace-4-0.8436164282243155::::user1-right-curly-brace-6-0.8436164282243155::::user1-zig-zig-1-0.8436164282243155::::user1-zig-zig-1-0.5293606471047285::::user1-left-square-bracket-2-0.5057603703801006::::user1-triangle-1-0.4785831057950941::::user1-delete-4-0.4785831057950941::::user1-circle-0-0.4785831057950941::::user1-caret-3-0.4785831057950941::::user1-check-5-0.4785831057950941::::user1-v-1--inf::::
user1,arrow,0,1,16,user1-v-1user1-triangle-1user1-delete-4user1-circle-0user1-caret-3user1-check-5user1-left-square-bracket-2user1-zig-zig-1user1-arrow-2user1-pigtail-9user1-x-6user1-right-square-bracket-5user1-rectangle-5user1-star-2user1-left-curly-brace-4user1-right-curly-brace-6,user1-arrow-6::::,user1-arrow-2::::,1,0.8740920409887432,user1-arrow-2::::,user1-pigtail-9-0.8740920409887432::::user1-x-6-0.8740920409887432::::user1-right-square-bracket-5-0.8740920409887432::::user1-rectangle-5-0.8740920409887432::::user1-star-2-0.8740920409887432::::user1-left-curly-brace-4-0.8740920409887432::::user1-right-curly-brace-6-0.8740920409887432::::user1-arrow-2-0.8740920409887432::::user1-check-5-0.7006240711670615::::user1-left-square-bracket-2-0.7006240711670615::::user1-zig-zig-1-0.7006240711670615::::user1-arrow-2-0.7006240711670615::::user1-triangle-1-0.36560658345722663::::user1-delete-4-0.36560658345722663::::user1-circle-0-0.36560658345722663::::user1-caret-3-0.36560658345722663::::user1-v-1--inf::::
user1,pigtail,0,1,16,user1-v-1user1-triangle-1user1-delete-4user1-circle-0user1-caret-3user1-check-5user1-left-square-bracket-2user1-zig-zig-1user1-arrow-2user1-pigtail-9user1-x-6user1-right-square-bracket-5user1-rectangle-5user1-star-2user1-left-curly-brace-4user1-right-curly-brace-6,user1-pigtail-8::::,user1-x-6::::,0,0.8594243528325077,user1-x-6::::,user1-right-square-bracket-5-0.8594243528325077::::user1-rectangle-5-0.8594243528325077::::user1-star-2-0.8594243528325077::::user1-left-curly-brace-4-0.8594243528325077::::user1-right-curly-brace-6-0.8594243528325077::::user1-x-6-0.8594243528325077::::user1-x-6-0.8443132724165268::::user1-check-5-0.7337267692399205::::user1-left-square-bracket-2-0.7337267692399205::::user1-zig-zig-1-0.7337267692399205::::user1-arrow-2-0.7337267692399205::::user1-pigtail-9-0.7337267692399205::::user1-circle-0-0.48409866434957827::::user1-caret-3-0.48409866434957827::::user1-delete-4-0.37641019855399227::::user1-triangle-1-0.305360958940313::::user1-v-1--inf::::
user1,x,0,1,16,user1-v-1user1-triangle-1user1-delete-4user1-circle-0user1-caret-3user1-check-5user1-left-square-bracket-2user1-zig-zig-1user1-arrow-2user1-pigtail-9user1-x-6user1-right-square-bracket-5user1-rectangle-5user1-star-2user1-left-curly-brace-4user1-right-curly-brace-6,user1-x-5::::,user1-x-6::::,1,0.870736750830908,user1-x-6::::,user1-right-square-bracket-5-0.870736750830908::::user1-rectangle-5-0.870736750830908::::user1-star-2-0.870736750830908::::user1-left-curly-brace-4-0.870736750830908::::user1-right-curly-brace-6-0.870736750830908::::user1-x-6-0.870736750830908::::user1-x-6-0.8091726162411068::::user1-check-5-0.6738156293949954::::user1-left-square-bracket-2-0.6738156293949954::::user1-zig-zig-1-0.6738156293949954::::user1-arrow-2-0.6738156293949954::::user1-pigtail-9-0.6738156293949954::::user1-circle-0-0.45985696019990274::::user1-caret-3-0.45985696019990274::::user1-delete-4-0.43723369347756547::::user1-triangle-1-0.35339312102181686::::user1-v-1--inf::::
user1,right-square-bracket,0,1,16,user1-v-1user1-triangle-1user1-delete-4user1-circle-0user1-caret-3user1-check-5user1-left-square-bracket-2user1-zig-zig-1user1-arrow-2user1-pigtail-9user1-x-6user1-right-square-bracket-5user1-rectangle-5user1-star-2user1-left-curly-brace-4user1-right-curly-brace-6,user1-right-square-bracket-4::::,user1-right-square-bracket-5::::,1,0.8744285929780343,user1-right-square-bracket-5::::,user1-rectangle-5-0.8744285929780343::::user1-star-2-0.8744285929780343::::user1-left-curly-brace-4-0.8744285929780343::::user1-right-curly-brace-6-0.8744285929780343::::user1-right-square-bracket-5-0.8744285929780343::::user1-pigtail-9-0.7812426303072162::::user1-x-6-0.7812426303072162::::user1-right-square-bracket-5-0.7812426303072162::::user1-arrow-2-0.692763087369223::::user1-check-5-0.5989944031846561::::user1-left-square-bracket-2-0.5989944031846561::::user1-zig-zig-1-0.5989944031846561::::user1-triangle-1-0.40312302545698875::::user1-delete-4-0.40312302545698875::::user1-circle-0-0.40312302545698875::::user1-caret-3-0.40312302545698875::::user1-v-1--inf::::
user1,rectangle,0,1,16,user1-v-1user1-triangle-1user1-delete-4user1-circle-0user1-caret-3user1-check-5user1-left-square-bracket-2user1-zig-zig-1user1-arrow-2user1-pigtail-9user1-x-6user1-right-square-bracket-5user1-rectangle-5user1-star-2user1-left-curly-brace-4user1-right-curly-brace-6,user1-rectangle-7::::,user1-rectangle-5::::,1,0.9593571841280201,user1-rectangle-5::::,user1-star-2-0.9593571841280201::::user1-left-curly-brace-4-0.9593571841280201::::user1-right-curly-brace-6-0.9593571841280201::::user1-rectangle-5-0.9593571841280201::::user1-caret-3-0.8549636378171364::::user1-check-5-0.8549636378171364::::user1-left-square-bracket-2-0.8549636378171364::::user1-zig-zig-1-0.8549636378171364::::user1-arrow-2-0.8549636378171364::::user1-pigtail-9-0.8549636378171364::::user1-x-6-0.8549636378171364::::user1-right-square-bracket-5-0.8549636378171364::::user1-rectangle-5-0.8549636378171364::::user1-delete-4-0.8258509974557477::::user1-circle-0-0.8258509974557477::::user1-triangle-1-0.5354568305447125::::user1-v-1--inf::::
user1,star,0,1,16,user1-v-1user1-triangle-1user1-delete-4user1-circle-0user1-caret-3user1-check-5user1-left-square-bracket-2user1-zig-zig-1user1-arrow-2user1-pigtail-9user1-x-6user1-right-square-bracket-5user1-rectangle-5user1-star-2user1-left-curly-brace-4user1-right-curly-brace-6,user1-star-0::::,user1-star-2::::,1,0.7513646408197772,user1-star-2::::,user1-left-curly-brace-4-0.7513646408197772::::user1-right-curly-brace-6-0.7513646408197772::::user1-star-2-0.7513646408197772::::user1-right-square-bracket-5-0.5707061906916542::::user1-rectangle-5-0.5707061906916542::::user1-star-2-0.5707061906916542::::user1-delete-4-0.4892910734838518::::user1-circle-0-0.4892910734838518::::user1-caret-3-0.4892910734838518::::user1-check-5-0.4892910734838518::::user1-left-square-bracket-2-0.4892910734838518::::user1-zig-zig-1-0.4892910734838518::::user1-arrow-2-0.4892910734838518::::user1-pigtail-9-0.4892910734838518::::user1-x-6-0.4892910734838518::::user1-triangle-1-0.37854839712550903::::user1-v-1--inf::::
user1,left-curly-brace,0,1,16,user1-v-1user1-triangle-1user1-delete-4user1-circle-0user1-caret-3user1-check-5user1-left-square-bracket-2user1-zig-zig-1user1-arrow-2user1-pigtail-9user1-x-6user1-right-square-bracket-5user1-rectangle-5user1-star-2user1-left-curly-brace-4user1-right-curly-brace-6,user1-left-curly-brace-7::::,user1-left-curly-brace-4::::,1,0.8867622524244764,user1-left-curly-brace-4::::,user1-right-curly-brace-6-0.8867622524244764::::user1-left-curly-brace-4-0.8867622524244764::::user1-zig-zig-1-0.8166386420813572::::user1-arrow-2-0.8166386420813572::::user1-pigtail-9-0.8166386420813572::::user1-x-6-0.8166386420813572::::user1-right-square-bracket-5-0.8166386420813572::::user1-rectangle-5-0.8166386420813572::::user1-star-2-0.8166386420813572::::user1-left-curly-brace-4-0.8166386420813572::::user1-triangle-1-0.735249662246297::::user1-delete-4-0.735249662246297::::user1-circle-0-0.735249662246297::::user1-caret-3-0.735249662246297::::user1-check-5-0.735249662246297::::user1-left-square-bracket-2-0.735249662246297::::user1-v-1--inf::::
user1,right-curly-brace,0,1,16,user1-v-1user1-triangle-1user1-delete-4user1-circle-0user1-caret-3user1-check-5user1-left-square-bracket-2user1-zig-zig-1user1-arrow-2user1-pigtail-9user1-x-6user1-right-square-bracket-5user1-rectangle-5user1-star-2user1-left-curly-brace-4user1-right-curly-brace-6,user1-right-curly-brace-9::::,user1-right-curly-brace-6::::,1,0.8241687692313164,user1-right-curly-brace-6::::,user1-right-curly-brace-6-0.8241687692313164::::user1-rectangle-5-0.823338012718936::::user1-star-2-0.823338012718936::::user1-left-curly-brace-4-0.823338012718936::::user1-right-curly-brace-6-0.823338012718936::::user1-pigtail-9-0.817901232577346::::user1-x-6-0.817901232577346::::user1-right-square-bracket-5-0.817901232577346::::user1-check-5-0.6965941825739248::::user1-left-square-bracket-2-0.6965941825739248::::user1-zig-zig-1-0.6965941825739248::::user1-arrow-2-0.6965941825739248::::user1-triangle-1-0.3661371777648468::::user1-delete-4-0.3661371777648468::::user1-circle-0-0.3661371777648468::::user1-caret-3-0.3661371777648468::::user1-v-1--inf::::
user2,v,0,1,16,user2-v-1user2-triangle-4user2-delete-5user2-circle-3user2-caret-0user2-check-1user2-left-square-bracket-1user2-zig-zig-2user2-arrow-8user2-pigtail-4user2-x-4user2-right-square-bracket-0user2-rectangle-4user2-star-2user2-left-curly-brace-0user2-right-curly-brace-6,user2-v-8::::,user2-right-square-bracket-0::::,0,0.7888993994971638,user2-right-square-bracket-0::::,user2-rectangle-4-0.7888993994971638::::user2-star-2-0.7888993994971638::::user2-left-curly-brace-0-0.7888993994971638::::user2-right-curly-brace-6-0.7888993994971638::::user2-right-square-bracket-0-0.7888993994971638::::user2-arrow-8-0.7142667892801899::::user2-pigtail-4-0.7142667892801899::::user2-x-4-0.7142667892801899::::user2-right-square-bracket-0-0.7142667892801899::::user2-check-1-0.5477894433364994::::user2-left-square-bracket-1-0.5477894433364994::::user2-zig-zig-2-0.5477894433364994::::user2-triangle-4-0.3599003644232711::::user2-delete-5-0.3599003644232711::::user2-circle-3-0.3599003644232711::::user2-caret-0-0.3599003644232711::::user2-v-1--inf::::
user2,triangle,0,1,16,user2-v-1user2-triangle-4user2-delete-5user2-circle-3user2-caret-0user2-check-1user2-left-square-bracket-1user2-zig-zig-2user2-arrow-8user2-pigtail-4user2-x-4user2-right-square-bracket-0user2-rectangle-4user2-star-2user2-left-curly-brace-0user2-right-curly-brace-6,user2-triangle-0::::,user2-triangle-4::::,1,0.9147429577348297,user2-triangle-4::::,user2-delete-5-0.9147429577348297::::user2-circle-3-0.9147429577348297::::user2-caret-0-0.9147429577348297::::user2-check-1-0.9147429577348297::::user2-left-square-bracket-1-0.9147429577348297::::user2-zig-zig-2-0.9147429577348297::::user2-arrow-8-0.9147429577348297::::user2-pigtail-4-0.9147429577348297::::user2-x-4-0.9147429577348297::::user2-right-square-bracket-0-0.9147429577348297::::user2-rectangle-4-0.9147429577348297::::user2-star-2-0.9147429577348297::::user2-left-curly-brace-0-0.9147429577348297::::user2-right-curly-brace-6-0.9147429577348297::::user2-triangle-4-0.9147429577348297::::user2-triangle-4-0.4342261025050108::::user2-v-1--inf::::
user2,delete,0,1,16,user2-v-1user2-triangle-4user2-delete-5user2-circle-3user2-caret-0user2-check-1user2-left-square-bracket-1user2-zig-zig-2user2-arrow-8user2-pigtail-4user2-x-4user2-right-square-bracket-0user2-rectangle-4user2-star-2user2-left-curly-brace-0user2-right-curly-brace-6,user2-delete-0::::,user2-delete-5::::,1,0.8692244826283411,user2-delete-5::::,user2-circle-3-0.8692244826283411::::user2-caret-0-0.8692244826283411::::user2-check-1-0.8692244826283411::::user2-left-square-bracket-1-0.8692244826283411::::user2-zig-zig-2-0.8692244826283411::::user2-arrow-8-0.8692244826283411::::user2-pigtail-4-0.8692244826283411::::user2-x-4-0.8692244826283411::::user2-right-square-bracket-0-0.8692244826283411::::user2-rectangle-4-0.8692244826283411::::user2-star-2-0.8692244826283411::::user2-left-curly-brace-0-0.8692244826283411::::user2-right-curly-brace-6-0.8692244826283411::::user2-delete-5-0.8692244826283411::::user2-triangle-4-0.5061020409614915::::user2-delete-5-0.5061020409614915::::user2-v-1--inf::::
user2,circle,0,1,16,user2-v-1user2-triangle-4user2-delete-5user2-circle-3user2-caret-0user2-check-1user2-left-square-bracket-1user2-zig-zig-2user2-arrow-8user2-pigtail-4user2-x-4user2-right-square-bracket-0user2-rectangle-4user2-star-2user2-left-curly-brace-0user2-right-curly-brace-6,user2-circle-5::::,user2-circle-3::::,1,0.9645376469301217,user2-circle-3::::,user2-caret-0-0.9645376469301217::::user2-check-1-0.9645376469301217::::user2-left-square-bracket-1-0.9645376469301217::::user2-zig-zig-2-0.9645376469301217::::user2-arrow-8-0.9645376469301217::::user2-pigtail-4-0.9645376469301217::::user2-x-4-0.9645376469301217::::user2-right-square-bracket-0-0.9645376469301217::::user2-rectangle-4-0.9645376469301217::::user2-star-2-0.9645376469301217::::user2-left-curly-brace-0-0.9645376469301217::::user2-right-curly-brace-6-0.9645376469301217::::user2-circle-3-0.9645376469301217::::user2-delete-5-0.8447657185261046::::user2-circle-3-0.8447657185261046::::user2-triangle-4-0.40147315667049477::::user2-v-1--inf::::
user2,caret,0,1,16,user2-v-1user2-triangle-4user2-delete-5user2-circle-3user2-caret-0user2-check-1user2-left-square-bracket-1user2-zig-zig-2user2-arrow-8user2-pigtail-4user2-x-4user2-right-square-bracket-0user2-rectangle-4user2-star-2user2-left-curly-brace-0user2-right-curly-brace-6,user2-caret-6::::,user2-caret-0::::,1,0.8017817588328849,user2-caret-0::::,user2-check-1-0.8017817588328849::::user2-left-square-bracket-1-0.8017817588328849::::user2-zig-zig-2-0.8017817588328849::::user2-arrow-8-0.8017817588328849::::user2-pigtail-4-0.8017817588328849::::user2-x-4-0.8017817588328849::::user2-right-square-bracket-0-0.8017817588328849::::user2-rectangle-4-0.8017817588328849::::user2-star-2-0.8017817588328849::::user2-left-curly-brace-0-0.8017817588328849::::user2-right-curly-brace-6-0.8017817588328849::::user2-caret-0-0.8017817588328849::::user2-triangle-4-0.32455393374721686::::user2-delete-5-0.32455393374721686::::user2-circle-3-0.32455393374721686::::user2-caret-0-0.32455393374721686::::user2-v-1--inf::::
user2,check,0,1,16,user2-v-1user2-triangle-4user2-delete-5user2-circle-3user2-caret-0user2-check-1user2-left-square-bracket-1user2-zig-zig-2user2-arrow-8user2-pigtail-4user2-x-4user2-right-square-bracket-0user2-rectangle-4user2-star-2user2-left-curly-brace-0user2-right-curly-brace-6,user2-check-6::::,user2-check-1::::,1,0.9541094797026969,user2-check-1::::,user2-left-square-bracket-1-0.9541094797026969::::user2-zig-zig-2-0.9541094797026969::::user2-arrow-8-0.9541094797026969::::user2-pigtail-4-0.9541094797026969::::user2-x-4-0.9541094797026969::::user2-right-square-bracket-0-0.9541094797026969::::user2-rectangle-4-0.9541094797026969::::user2-star-2-0.9541094797026969::::user2-left-curly-brace-0-0.9541094797026969::::user2-right-curly-brace-6-0.9541094797026969::::user2-check-1-0.9541094797026969::::user2-triangle-4-0.7951168748387645::::user2-delete-5-0.7951168748387645::::user2-circle-3-0.7951168748387645::::user2-caret-0-0.7951168748387645::::user2-check-1-0.7951168748387645::::user2-v-1--inf::::
user2,left-square-bracket,0,1,16,user2-v-1user2-triangle-4user2-delete-5user2-circle-3user2-caret-0user2-check-1user2-left-square-bracket-1user2-zig-zig-2user2-arrow-8user2-pigtail-4user2-x-4user2-right-square-bracket-0user2-rectangle-4user2-star-2user2-left-curly-brace-0user2-right-curly-brace-6,user2-left-square-bracket-6::::,user2-left-curly-brace-0::::,0,0.8583780678687863,user2-left-curly-brace-0::::,user2-right-curly-brace-6-0.8583780678687863::::user2-left-curly-brace-0-0.8583780678687863::::user2-left-square-bracket-1-0.8416254709485216::::user2-zig-zig-2-0.8416254709485216::::user2-arrow-8-0.8416254709485216::::user2-pigtail-4-0.8416254709485216::::user2-x-4-0.8416254709485216::::user2-right-square-bracket-0-0.8416254709485216::::user2-rectangle-4-0.8416254709485216::::user2-star-2-0.8416254709485216::::user2-left-curly-brace-0-0.8416254709485216::::user2-triangle-4-0.7217981061776371::::user2-delete-5-0.7217981061776371::::user2-circle-3-0.7217981061776371::::user2-caret-0-0.7217981061776371::::user2-check-1-0.7217981061776371::::user2-v-1--inf::::
user2,zig-zig,0,1,16,user2-v-1user2-triangle-4user2-delete-5user2-circle-3user2-caret-0user2-check-1user2-left-square-bracket-1user2-zig-zig-2user2-arrow-8user2-pigtail-4user2-x-4user2-right-square-bracket-0user2-rectangle-4user2-star-2user2-left-curly-brace-0user2-right-curly-brace-6,user2-zig-zig-1::::,user2-zig-zig-2::::,1,0.8829472131365653,user2-zig-zig-2::::,user2-arrow-8-0.8829472131365653::::user2-pigtail-4-0.8829472131365653::::user2-x-4-0.8829472131365653::::user2-right-square-bracket-0-0.8829472131365653::::user2-rectangle-4-0.8829472131365653::::user2-star-2-0.8829472131365653::::user2-left-curly-brace-0-0.8829472131365653::::user2-right-curly-brace-6-0.8829472131365653::::user2-zig-zig-2-0.8829472131365653::::user2-check-1-0.5335343152516752::::user2-left-square-bracket-1-0.5335343152516752::::user2-zig-zig-2-0.5335343152516752::::user2-triangle-4-0.3596627606440458::::user2-delete-5-0.3596627606440458::::user2-circle-3-0.3596627606440458::::user2-caret-0-0.3596627606440458::::user2-v-1--inf::::
user2,arrow,0,1,16,user2-v-1user2-triangle-4user2-delete-5user2-circle-3user2-caret-0user2-check-1user2-left-square-bracket-1user2-zig-zig-2user2-arrow-8user2-pigtail-4user2-x-4user2-right-square-bracket-0user2-rectangle-4user2-star-2user2-left-curly-brace-0user2-right-curly-brace-6,user2-arrow-4::::,user2-x-4::::,0,0.6856006579570832,user2-x-4::::,user2-right-square-bracket-0-0.6856006579570832::::user2-rectangle-4-0.6856006579570832::::user2-star-2-0.6856006579570832::::user2-left-curly-brace-0-0.6856006579570832::::user2-right-curly-brace-6-0.6856006579570832::::user2-x-4-0.6856006579570832::::user2-x-4-0.6196000645330018::::user2-check-1-0.5817722896034654::::user2-left-square-bracket-1-0.5817722896034654::::user2-zig-zig-2-0.5817722896034654::::user2-arrow-8-0.5817722896034654::::user2-pigtail-4-0.5817722896034654::::user2-triangle-4-0.4877708795694009::::user2-delete-5-0.4877708795694009::::user2-circle-3-0.4877708795694009::::user2-caret-0-0.4877708795694009::::user2-v-1--inf::::
user2,pigtail,0,1,16,user2-v-1user2-triangle-4user2-delete-5user2-circle-3user2-caret-0user2-check-1user2-left-square-bracket-1user2-zig-zig-2user2-arrow-8user2-pigtail-4user2-x-4user2-right-square-bracket-0user2-rectangle-4user2-star-2user2-left-curly-brace-0user2-right-curly-brace-6,user2-pigtail-7::::,user2-rectangle-4::::,0,0.9552227766604882,user2-rectangle-4::::,user2-star-2-0.9552227766604882::::user2-left-curly-brace-0-0.9552227766604882::::user2-right-curly-brace-6-0.9552227766604882::::user2-rectangle-4-0.9552227766604882::::user2-caret-0-0.8460450188004189::::user2-check-1-0.8460450188004189::::user2-left-square-bracket-1-0.8460450188004189::::user2-zig-zig-2-0.8460450188004189::::user2-arrow-8-0.8460450188004189::::user2-pigtail-4-0.8460450188004189::::user2-x-4-0.8460450188004189::::user2-right-square-bracket-0-0.8460450188004189::::user2-rectangle-4-0.8460450188004189::::user2-delete-5-0.8339051300613716::::user2-circle-3-0.8339051300613716::::user2-triangle-4-0.5359610602934164::::user2-v-1--inf::::
user2,x,0,1,16,user2-v-1user2-triangle-4user2-delete-5user2-circle-3user2-caret-0user2-check-1user2-left-square-bracket-1user2-zig-zig-2user2-arrow-8user2-pigtail-4user2-x-4user2-right-square-bracket-0user2-rectangle-4user2-star-2user2-left-curly-brace-0user2-right-curly-brace-6,user2-x-5::::,user2-x-4::::,1,0.9005267070040797,user2-x-4::::,user2-right-square-bracket-0-0.9005267070040797::::user2-rectangle-4-0.9005267070040797::::user2-star-2-0.9005267070040797::::user2-left-curly-brace-0-0.9005267070040797::::user2-right-curly-brace-6-0.9005267070040797::::user2-x-4-0.9005267070040797::::user2-delete-5-0.5723754723879728::::user2-circle-3-0.5723754723879728::::user2-caret-0-0.5723754723879728::::user2-check-1-0.5723754723879728::::user2-left-square-bracket-1-0.5723754723879728::::user2-zig-zig-2-0.5723754723879728::::user2-arrow-8-0.5723754723879728::::user2-pigtail-4-0.5723754723879728::::user2-x-4-0.5723754723879728::::user2-triangle-4-0.3181005411542531::::user2-v-1--inf::::
user2,right-square-bracket,0,1,16,user2-v-1user2-triangle-4user2-delete-5user2-circle-3user2-caret-0user2-check-1user2-left-square-bracket-1user2-zig-zig-2user2-arrow-8user2-pigtail-4user2-x-4user2-right-square-bracket-0user2-rectangle-4user2-star-2user2-left-curly-brace-0user2-right-curly-brace-6,user2-right-square-bracket-5::::,user2-right-square-bracket-0::::,1,0.9096467121682104,user2-right-square-bracket-0::::,user2-rectangle-4-0.9096467121682104::::user2-star-2-0.9096467121682104::::user2-left-curly-brace-0-0.9096467121682104::::user2-right-curly-brace-6-0.9096467121682104::::user2-right-square-bracket-0-0.9096467121682104::::user2-arrow-8-0.6604941399936118::::user2-pigtail-4-0.6604941399936118::::user2-x-4-0.6604941399936118::::user2-right-square-bracket-0-0.6604941399936118::::user2-check-1-0.6042560722074498::::user2-left-square-bracket-1-0.6042560722074498::::user2-zig-zig-2-0.6042560722074498::::user2-triangle-4-0.32722679771848795::::user2-delete-5-0.32722679771848795::::user2-circle-3-0.32722679771848795::::user2-caret-0-0.32722679771848795::::user2-v-1--inf::::
user2,rectangle,0,1,16,user2-v-1user2-triangle-4user2-delete-5user2-circle-3user2-caret-0user2-check-1user2-left-square-bracket-1user2-zig-zig-2user2-arrow-8user2-pigtail-4user2-x-4user2-right-square-bracket-0user2-rectangle-4user2-star-2user2-left-curly-brace-0user2-right-curly-brace-6,user2-rectangle-6::::,user2-rectangle-4::::,1,0.9500813011949577,user2-rectangle-4::::,user2-star-2-0.9500813011949577::::user2-left-curly-brace-0-0.9500813011949577::::user2-right-curly-brace-6-0.9500813011949577::::user2-rectangle-4-0.9500813011949577::::user2-caret-0-0.8869554153936294::::user2-check-1-0.8869554153936294::::user2-left-square-bracket-1-0.8869554153936294::::user2-zig-zig-2-0.8869554153936294::::user2-arrow-8-0.8869554153936294::::user2-pigtail-4-0.8869554153936294::::user2-x-4-0.8869554153936294::::user2-right-square-bracket-0-0.8869554153936294::::user2-rectangle-4-0.8869554153936294::::user2-delete-5-0.8601376231081537::::user2-circle-3-0.8601376231081537::::user2-triangle-4-0.4946571309730763::::user2-v-1--inf::::
user2,star,0,1,16,user2-v-1user2-triangle-4user2-delete-5user2-circle-3user2-caret-0user2-check-1user2-left-square-bracket-1user2-zig-zig-2user2-arrow-8user2-pigtail-4user2-x-4user2-right-square-bracket-0user2-rectangle-4user2-star-2user2-left-curly-brace-0user2-right-curly-brace-6,user2-star-3::::,user2-star-2::::,1,0.8795296012041021,user2-star-2::::,user2-left-curly-brace-0-0.8795296012041021::::user2-right-curly-brace-6-0.8795296012041021::::user2-star-2-0.8795296012041021::::user2-arrow-8-0.5758153601809389::::user2-pigtail-4-0.5758153601809389::::user2-x-4-0.5758153601809389::::user2-right-square-bracket-0-0.5758153601809389::::user2-rectangle-4-0.5758153601809389::::user2-star-2-0.5758153601809389::::user2-check-1-0.4640308323883229::::user2-left-square-bracket-1-0.4640308323883229::::user2-zig-zig-2-0.4640308323883229::::user2-triangle-4-0.36633183824796833::::user2-delete-5-0.36633183824796833::::user2-circle-3-0.36633183824796833::::user2-caret-0-0.36633183824796833::::user2-v-1--inf::::
user2,left-curly-brace,0,1,16,user2-v-1user2-triangle-4user2-delete-5user2-circle-3user2-caret-0user2-check-1user2-left-square-bracket-1user2-zig-zig-2user2-arrow-8user2-pigtail-4user2-x-4user2-right-square-bracket-0user2-rectangle-4user2-star-2user2-left-curly-brace-0user2-right-curly-brace-6,user2-left-curly-brace-2::::,user2-left-curly-brace-0::::,1,0.8619003327826398,user2-left-curly-brace-0::::,user2-right-curly-brace-6-0.8619003327826398::::user2-left-curly-brace-0-0.8619003327826398::::user2-zig-zig-2-0.7813992222170325::::user2-arrow-8-0.7813992222170325::::user2-pigtail-4-0.7813992222170325::::user2-x-4-0.7813992222170325::::user2-right-square-bracket-0-0.7813992222170325::::user2-rectangle-4-0.7813992222170325::::user2-star-2-0.7813992222170325::::user2-left-curly-brace-0-0.7813992222170325::::user2-left-square-bracket-1-0.7475337740314314::::user2-triangle-4-0.7458554525182539::::user2-delete-5-0.7458554525182539::::user2-circle-3-0.7458554525182539::::user2-caret-0-0.7458554525182539::::user2-check-1-0.7458554525182539::::user2-v-1--inf::::
user2,right-curly-brace,0,1,16,user2-v-1user2-triangle-4user2-delete-5user2-circle-3user2-caret-0user2-check-1user2-left-square-bracket-1user2-zig-zig-2user2-arrow-8user2-pigtail-4user2-x-4user2-right-square-bracket-0user2-rectangle-4user2-star-2user2-left-curly-brace-0user2-right-curly-brace-6,user2-right-curly-brace-3::::,user2-right-square-bracket-0::::,0,0.7852173852206918,user2-right-square-bracket-0::::,user2-rectangle-4-0.7852173852206918::::user2-star-2-0.7852173852206918::::user2-left-curly-brace-0-0.7852173852206918::::user2-right-curly-brace-6-0.7852173852206918::::user2-right-square-bracket-0-0.7852173852206918::::user2-arrow-8-0.6935425804277073::::user2-pigtail-4-0.6935425804277073::::user2-x-4-0.6935425804277073::::user2-right-square-bracket-0-0.6935425804277073::::user2-check-1-0.5180181366302294::::user2-left-square-bracket-1-0.5180181366302294::::user2-zig-zig-2-0.5180181366302294::::user2-triangle-4-0.2943278957095874::::user2-delete-5-0.2943278957095874::::user2-circle-3-0.2943278957095874::::user2-caret-0-0.2943278957095874::::user2-v-1--inf::::
user3,v,0,1,16,user3-v-8user3-triangle-7user3-delete-8user3-circle-5user3-caret-4user3-check-7user3-left-square-bracket-3user3-zig-zig-5user3-arrow-6user3-pigtail-8user3-x-9user3-right-square-bracket-4user3-rectangle-5user3-star-4user3-left-curly-brace-4user3-right-curly-brace-8,user3-v-6::::,user3-check-7::::,0,0.8888744090274432,user3-check-7::::,user3-left-square-bracket-3-0.8888744090274432::::user3-zig-zig-5-0.8888744090274432::::user3-arrow-6-0.8888744090274432::::user3-pigtail-8-0.8888744090274432::::user3-x-9-0.8888744090274432::::user3-right-square-bracket-4-0.8888744090274432::::user3-rectangle-5-0.8888744090274432::::user3-star-4-0.8888744090274432::::user3-left-curly-brace-4-0.8888744090274432::::user3-right-curly-brace-8-0.8888744090274432::::user3-check-7-0.8888744090274432::::user3-triangle-7-0.8789030977043242::::user3-delete-8-0.8789030977043242::::user3-circle-5-0.8789030977043242::::user3-caret-4-0.8789030977043242::::user3-check-7-0.8789030977043242::::user3-v-8--inf::::
user3,triangle,0,1,16,user3-v-8user3-triangle-7user3-delete-8user3-circle-5user3-caret-4user3-check-7user3-left-square-bracket-3user3-zig-zig-5user3-arrow-6user3-pigtail-8user3-x-9user3-right-square-bracket-4user3-rectangle-5user3-star-4user3-left-curly-brace-4user3-right-curly-brace-8,user3-triangle-9::::,user3-circle-5::::,0,0.8094341987183742,user3-circle-5::::,user3-caret-4-0.8094341987183742::::user3-check-7-0.8094341987183742::::user3-left-square-bracket-3-0.8094341987183742::::user3-zig-zig-5-0.8094341987183742::::user3-arrow-6-0.8094341987183742::::user3-pigtail-8-0.8094341987183742::::user3-x-9-0.8094341987183742::::user3-right-square-bracket-4-0.8094341987183742::::user3-rectangle-5-0.8094341987183742::::user3-star-4-0.8094341987183742::::user3-left-curly-brace-4-0.8094341987183742::::user3-right-curly-brace-8-0.8094341987183742::::user3-circle-5-0.8094341987183742::::user3-delete-8-0.7908225936426982::::user3-circle-5-0.7908225936426982::::user3-triangle-7-0.5082410978251648::::user3-v-8--inf::::
user3,delete,0,1,16,user3-v-8user3-triangle-7user3-delete-8user3-circle-5user3-caret-4user3-check-7user3-left-square-bracket-3user3-zig-zig-5user3-arrow-6user3-pigtail-8user3-x-9user3-right-square-bracket-4user3-rectangle-5user3-star-4user3-left-curly-brace-4user3-right-curly-brace-8,user3-delete-1::::,user3-delete-8::::,1,0.8121172335822225,user3-delete-8::::,user3-circle-5-0.8121172335822225::::user3-caret-4-0.8121172335822225::::user3-check-7-0.8121172335822225::::user3-left-square-bracket-3-0.8121172335822225::::user3-zig-zig-5-0.8121172335822225::::user3-arrow-6-0.8121172335822225::::user3-pigtail-8-0.8121172335822225::::user3-x-9-0.8121172335822225::::user3-right-square-bracket-4-0.8121172335822225::::user3-rectangle-5-0.8121172335822225::::user3-star-4-0.8121172335822225::::user3-left-curly-brace-4-0.8121172335822225::::user3-right-curly-brace-8-0.8121172335822225::::user3-delete-8-0.8121172335822225::::user3-triangle-7-0.33192449707760907::::user3-delete-8-0.33192449707760907::::user3-v-8--inf::::
user3,circle,0,1,16,user3-v-8user3-triangle-7user3-delete-8user3-circle-5user3-caret-4user3-check-7user3-left-square-bracket-3user3-zig-zig-5user3-arrow-6user3-pigtail-8user3-x-9user3-right-square-bracket-4user3-rectangle-5user3-star-4user3-left-curly-brace-4user3-right-curly-brace-8,user3-circle-6::::,user3-circle-5::::,1,0.9685271079522166,user3-circle-5::::,user3-caret-4-0.9685271079522166::::user3-check-7-0.9685271079522166::::user3-left-square-bracket-3-0.9685271079522166::::user3-zig-zig-5-0.9685271079522166::::user3-arrow-6-0.9685271079522166::::user3-pigtail-8-0.9685271079522166::::user3-x-9-0.9685271079522166::::user3-right-square-bracket-4-0.9685271079522166::::user3-rectangle-5-0.9685271079522166::::user3-star-4-0.9685271079522166::::user3-left-curly-brace-4-0.9685271079522166::::user3-right-curly-brace-8-0.9685271079522166::::user3-circle-5-0.9685271079522166::::user3-delete-8-0.8325204422459798::::user3-circle-5-0.8325204422459798::::user3-triangle-7-0.4419064737719425::::user3-v-8--inf::::
user3,caret,0,1,16,user3-v-8user3-triangle-7user3-delete-8user3-circle-5user3-caret-4user3-check-7user3-left-square-bracket-3user3-zig-zig-5user3-arrow-6user3-pigtail-8user3-x-9user3-right-square-bracket-4user3-rectangle-5user3-star-4user3-left-curly-brace-4user3-right-curly-brace-8,user3-caret-3::::,user3-caret-4::::,1,0.9103661011392157,user3-caret-4::::,user3-check-7-0.9103661011392157::::user3-left-square-bracket-3-0.9103661011392157::::user3-zig-zig-5-0.9103661011392157::::user3-arrow-6-0.9103661011392157::::user3-pigtail-8-0.9103661011392157::::user3-x-9-0.9103661011392157::::user3-right-square-bracket-4-0.9103661011392157::::user3-rectangle-5-0.9103661011392157::::user3-star-4-0.9103661011392157::::user3-left-curly-brace-4-0.9103661011392157::::user3-right-curly-brace-8-0.9103661011392157::::user3-caret-4-0.9103661011392157::::user3-circle-5-0.4419834167242386::::user3-caret-4-0.4419834167242386::::user3-delete-8-0.29184495310052316::::user3-triangle-7-0.2778328387924812::::user3-v-8--inf::::
user3,check,0,1,16,user3-v-8user3-triangle-7user3-delete-8user3-circle-5user3-caret-4user3-check-7user3-left-square-bracket-3user3-zig-zig-5user3-arrow-6user3-pigtail-8user3-x-9user3-right-square-bracket-4user3-rectangle-5user3-star-4user3-left-curly-brace-4user3-right-curly-brace-8,user3-check-8::::,user3-left-square-bracket-3::::,0,0.8203353474524073,user3-left-square-bracket-3::::,user3-zig-zig-5-0.8203353474524073::::user3-arrow-6-0.8203353474524073::::user3-pigtail-8-0.8203353474524073::::user3-x-9-0.8203353474524073::::user3-right-square-bracket-4-0.8203353474524073::::user3-rectangle-5-0.8203353474524073::::user3-star-4-0.8203353474524073::::user3-left-curly-brace-4-0.8203353474524073::::user3-right-curly-brace-8-0.8203353474524073::::user3-left-square-bracket-3-0.8203353474524073::::user3-triangle-7-0.7508336387650618::::user3-delete-8-0.7508336387650618::::user3-circle-5-0.7508336387650618::::user3-caret-4-0.7508336387650618::::user3-check-7-0.7508336387650618::::user3-left-square-bracket-3-0.7508336387650618::::user3-v-8--inf::::
user3,left-square-bracket,0,1,16,user3-v-8user3-triangle-7user3-delete-8user3-circle-5user3-caret-4user3-check-7user3-left-square-bracket-3user3-zig-zig-5user3-arrow-6user3-pigtail-8user3-x-9user3-right-square-bracket-4user3-rectangle-5user3-star-4user3-left-curly-brace-4user3-right-curly-brace-8,user3-left-square-bracket-8::::,user3-left-square-bracket-3::::,1,0.8868834292164696,user3-left-square-bracket-3::::,user3-zig-zig-5-0.8868834292164696::::user3-arrow-6-0.8868834292164696::::user3-pigtail-8-0.8868834292164696::::user3-x-9-0.8868834292164696::::user3-right-square-bracket-4-0.8868834292164696::::user3-rectangle-5-0.8868834292164696::::user3-star-4-0.8868834292164696::::user3-left-curly-brace-4-0.8868834292164696::::user3-right-curly-brace-8-0.8868834292164696::::user3-left-square-bracket-3-0.8868834292164696::::user3-triangle-7-0.8078332741928282::::user3-delete-8-0.8078332741928282::::user3-circle-5-0.8078332741928282::::user3-caret-4-0.8078332741928282::::user3-check-7-0.8078332741928282::::user3-left-square-bracket-3-0.8078332741928282::::user3-v-8--inf::::
user3,zig-zig,0,1,16,user3-v-8user3-triangle-7user3-delete-8user3-circle-5user3-caret-4user3-check-7user3-left-square-bracket-3user3-zig-zig-5user3-arrow-6user3-pigtail-8user3-x-9user3-right-square-bracket-4user3-rectangle-5user3-star-4user3-left-curly-brace-4user3-right-curly-brace-8,user3-zig-zig-9::::,user3-right-curly-brace-8::::,0,0.708034699054956,user3-right-curly-brace-8::::,user3-right-curly-brace-8-0.708034699054956::::user3-right-curly-brace-8-0.69932452757554::::user3-arrow-6-0.6887590797812896::::user3-pigtail-8-0.6887590797812896::::user3-x-9-0.6887590797812896::::user3-right-square-bracket-4-0.6887590797812896::::user3-rectangle-5-0.6887590797812896::::user3-star-4-0.6887590797812896::::user3-left-curly-brace-4-0.6887590797812896::::user3-check-7-0.49091083072043895::::user3-left-square-bracket-3-0.49091083072043895::::user3-zig-zig-5-0.49091083072043895::::user3-triangle-7-0.44814110789403316::::user3-delete-8-0.44814110789403316::::user3-circle-5-0.44814110789403316::::user3-caret-4-0.44814110789403316::::user3-v-8--inf::::
user3,arrow,0,1,16,user3-v-8user3-triangle-7user3-delete-8user3-circle-5user3-caret-4user3-check-7user3-left-square-bracket-3user3-zig-zig-5user3-arrow-6user3-pigtail-8user3-x-9user3-right-square-bracket-4user3-rectangle-5user3-star-4user3-left-curly-brace-4user3-right-curly-brace-8,user3-arrow-3::::,user3-arrow-6::::,1,0.7402994730416451,user3-arrow-6::::,user3-pigtail-8-0.7402994730416451::::user3-x-9-0.7402994730416451::::user3-right-square-bracket-4-0.7402994730416451::::user3-rectangle-5-0.7402994730416451::::user3-star-4-0.7402994730416451::::user3-left-curly-brace-4-0.7402994730416451::::user3-right-curly-brace-8-0.7402994730416451::::user3-arrow-6-0.7402994730416451::::user3-check-7-0.7265529123336141::::user3-left-square-bracket-3-0.7265529123336141::::user3-zig-zig-5-0.7265529123336141::::user3-arrow-6-0.7265529123336141::::user3-triangle-7-0.3938867574008057::::user3-delete-8-0.3938867574008057::::user3-circle-5-0.3938867574008057::::user3-caret-4-0.3938867574008057::::user3-v-8--inf::::
user3,pigtail,0,1,16,user3-v-8user3-triangle-7user3-delete-8user3-circle-5user3-caret-4user3-check-7user3-left-square-bracket-3user3-zig-zig-5user3-arrow-6user3-pigtail-8user3-x-9user3-right-square-bracket-4user3-rectangle-5user3-star-4user3-left-curly-brace-4user3-right-curly-brace-8,user3-pigtail-6::::,user3-pigtail-8::::,1,0.8379042411206972,user3-pigtail-8::::,user3-x-9-0.8379042411206972::::user3-right-square-bracket-4-0.8379042411206972::::user3-rectangle-5-0.8379042411206972::::user3-star-4-0.8379042411206972::::user3-left-curly-brace-4-0.8379042411206972::::user3-right-curly-brace-8-0.8379042411206972::::user3-pigtail-8-0.8379042411206972::::user3-check-7-0.7258229200296589::::user3-left-square-bracket-3-0.7258229200296589::::user3-zig-zig-5-0.7258229200296589::::user3-arrow-6-0.7258229200296589::::user3-pigtail-8-0.7258229200296589::::user3-circle-5-0.4660365453344003::::user3-caret-4-0.4660365453344003::::user3-delete-8-0.24798146147683298::::user3-triangle-7-0.2365025414768982::::user3-v-8--inf::::
user3,x,0,1,16,user3-v-8user3-triangle-7user3-delete-8user3-circle-5user3-caret-4user3-check-7user3-left-square-bracket-3user3-zig-zig-5user3-arrow-6user3-pigtail-8user3-x-9user3-right-square-bracket-4user3-rectangle-5user3-star-4user3-left-curly-brace-4user3-right-curly-brace-8,user3-x-2::::,user3-x-9::::,1,0.8546556094016924,user3-x-9::::,user3-right-square-bracket-4-0.8546556094016924::::user3-rectangle-5-0.8546556094016924::::user3-star-4-0.8546556094016924::::user3-left-curly-brace-4-0.8546556094016924::::user3-right-curly-brace-8-0.8546556094016924::::user3-x-9-0.8546556094016924::::user3-x-9-0.5843763337936153::::user3-pigtail-8-0.581200305483677::::user3-check-7-0.5472337906615381::::user3-left-square-bracket-3-0.5472337906615381::::user3-zig-zig-5-0.5472337906615381::::user3-arrow-6-0.5472337906615381::::user3-delete-8-0.5143335014196484::::user3-circle-5-0.5143335014196484::::user3-caret-4-0.5143335014196484::::user3-triangle-7-0.3431065250266129::::user3-v-8--inf::::
user3,right-square-bracket,0,1,16,user3-v-8user3-triangle-7user3-delete-8user3-circle-5user3-caret-4user3-check-7user3-left-square-bracket-3user3-zig-zig-5user3-arrow-6user3-pigtail-8user3-x-9user3-right-square-bracket-4user3-rectangle-5user3-star-4user3-left-curly-brace-4user3-right-curly-brace-8,user3-right-square-bracket-3::::,user3-right-square-bracket-4::::,1,0.920427323897203,user3-right-square-bracket-4::::,user3-rectangle-5-0.920427323897203::::user3-star-4-0.920427323897203::::user3-left-curly-brace-4-0.920427323897203::::user3-right-curly-brace-8-0.920427323897203::::user3-right-square-bracket-4-0.920427323897203::::user3-check-7-0.7195517392839795::::user3-left-square-bracket-3-0.7195517392839795::::user3-zig-zig-5-0.7195517392839795::::user3-arrow-6-0.7195517392839795::::user3-pigtail-8-0.7195517392839795::::user3-x-9-0.7195517392839795::::user3-right-square-bracket-4-0.7195517392839795::::user3-circle-5-0.3338379796201397::::user3-caret-4-0.3338379796201397::::user3-triangle-7-0.29598473096049627::::user3-delete-8-0.29598473096049627::::user3-v-8--inf::::
user3,rectangle,0,1,16,user3-v-8user3-triangle-7user3-delete-8user3-circle-5user3-caret-4user3-check-7user3-left-square-bracket-3user3-zig-zig-5user3-arrow-6user3-pigtail-8user3-x-9user3-right-square-bracket-4user3-rectangle-5user3-star-4user3-left-curly-brace-4user3-right-curly-brace-8,user3-rectangle-1::::,user3-rectangle-5::::,1,0.9528041564018459,user3-rectangle-5::::,user3-star-4-0.9528041564018459::::user3-left-curly-brace-4-0.9528041564018459::::user3-right-curly-brace-8-0.9528041564018459::::user3-rectangle-5-0.9528041564018459::::user3-caret-4-0.833240218765894::::user3-check-7-0.833240218765894::::user3-left-square-bracket-3-0.833240218765894::::user3-zig-zig-5-0.833240218765894::::user3-arrow-6-0.833240218765894::::user3-pigtail-8-0.833240218765894::::user3-x-9-0.833240218765894::::user3-right-square-bracket-4-0.833240218765894::::user3-rectangle-5-0.833240218765894::::user3-delete-8-0.8306856689670176::::user3-circle-5-0.8306856689670176::::user3-triangle-7-0.5280796615349227::::user3-v-8--inf::::
user3,star,0,1,16,user3-v-8user3-triangle-7user3-delete-8user3-circle-5user3-caret-4user3-check-7user3-left-square-bracket-3user3-zig-zig-5user3-arrow-6user3-pigtail-8user3-x-9user3-right-square-bracket-4user3-rectangle-5user3-star-4user3-left-curly-brace-4user3-right-curly-brace-8,user3-star-9::::,user3-star-4::::,1,0.8394616601616928,user3-star-4::::,user3-left-curly-brace-4-0.8394616601616928::::user3-right-curly-brace-8-0.8394616601616928::::user3-star-4-0.8394616601616928::::user3-right-square-bracket-4-0.4916065605625065::::user3-rectangle-5-0.4916065605625065::::user3-star-4-0.4916065605625065::::user3-pigtail-8-0.43121726223349366::::user3-x-9-0.43121726223349366::::user3-arrow-6-0.4175837485203183::::user3-triangle-7-0.3949268155433546::::user3-delete-8-0.3949268155433546::::user3-circle-5-0.3949268155433546::::user3-caret-4-0.3949268155433546::::user3-check-7-0.3949268155433546::::user3-left-square-bracket-3-0.3949268155433546::::user3-zig-zig-5-0.3949268155433546::::user3-v-8--inf::::
user3,left-curly-brace,0,1,16,user3-v-8user3-triangle-7user3-delete-8user3-circle-5user3-caret-4user3-check-7user3-left-square-bracket-3user3-zig-zig-5user3-arrow-6user3-pigtail-8user3-x-9user3-right-square-bracket-4user3-rectangle-5user3-star-4user3-left-curly-brace-4user3-right-curly-brace-8,user3-left-curly-brace-5::::,user3-left-square-bracket-3::::,0,0.5915864105972433,user3-left-square-bracket-3::::,user3-zig-zig-5-0.5915864105972433::::user3-arrow-6-0.5915864105972433::::user3-pigtail-8-0.5915864105972433::::user3-x-9-0.5915864105972433::::user3-right-square-bracket-4-0.5915864105972433::::user3-rectangle-5-0.5915864105972433::::user3-star-4-0.5915864105972433::::user3-left-curly-brace-4-0.5915864105972433::::user3-right-curly-brace-8-0.5915864105972433::::user3-left-square-bracket-3-0.5915864105972433::::user3-triangle-7-0.5783646661764987::::user3-delete-8-0.5783646661764987::::user3-circle-5-0.5783646661764987::::user3-caret-4-0.5783646661764987::::user3-check-7-0.5783646661764987::::user3-left-square-bracket-3-0.5783646661764987::::user3-v-8--inf::::
user3,right-curly-brace,0,1,16,user3-v-8user3-triangle-7user3-delete-8user3-circle-5user3-caret-4user3-check-7user3-left-square-bracket-3user3-zig-zig-5user3-arrow-6user3-pigtail-8user3-x-9user3-right-square-bracket-4user3-rectangle-5user3-star-4user3-left-curly-brace-4user3-right-curly-brace-8,user3-right-curly-brace-4::::,user3-right-curly-brace-8::::,1,0.9162658578056256,user3-right-curly-brace-8::::,user3-right-curly-brace-8-0.9162658578056256::::user3-rectangle-5-0.7527239536280201::::user3-star-4-0.7527239536280201::::user3-left-curly-brace-4-0.7527239536280201::::user3-right-curly-brace-8-0.7527239536280201::::user3-pigtail-8-0.6982454915829939::::user3-x-9-0.6982454915829939::::user3-right-square-bracket-4-0.6982454915829939::::user3-check-7-0.6451345776493973::::user3-left-square-bracket-3-0.6451345776493973::::user3-zig-zig-5-0.6451345776493973::::user3-arrow-6-0.6451345776493973::::user3-triangle-7-0.36340179708241493::::user3-delete-8-0.36340179708241493::::user3-circle-5-0.36340179708241493::::user3-caret-4-0.36340179708241493::::user3-v-8--inf::::
user4,v,0,1,16,user4-v-7user4-triangle-9user4-delete-4user4-circle-6user4-caret-4user4-check-2user4-left-square-bracket-4user4-zig-zig-3user4-arrow-0user4-pigtail-4user4-x-5user4-right-square-bracket-6user4-rectangle-5user4-star-9user4-left-curly-brace-5user4-right-curly-brace-8,user4-v-6::::,user4-v-7::::,1,0.8438943993812962,user4-v-7::::,user4-triangle-9-0.8438943993812962::::user4-delete-4-0.8438943993812962::::user4-circle-6-0.8438943993812962::::user4-caret-4-0.8438943993812962::::user4-check-2-0.8438943993812962::::user4-left-square-bracket-4-0.8438943993812962::::user4-zig-zig-3-0.8438943993812962::::user4-arrow-0-0.8438943993812962::::user4-pigtail-4-0.8438943993812962::::user4-x-5-0.8438943993812962::::user4-right-square-bracket-6-0.8438943993812962::::user4-rectangle-5-0.8438943993812962::::user4-star-9-0.8438943993812962::::user4-left-curly-brace-5-0.8438943993812962::::user4-right-curly-brace-8-0.8438943993812962::::user4-v-7-0.8438943993812962::::user4-v-7--inf::::
user4,triangle,0,1,16,user4-v-7user4-triangle-9user4-delete-4user4-circle-6user4-caret-4user4-check-2user4-left-square-bracket-4user4-zig-zig-3user4-arrow-0user4-pigtail-4user4-x-5user4-right-square-bracket-6user4-rectangle-5user4-star-9user4-left-curly-brace-5user4-right-curly-brace-8,user4-triangle-3::::,user4-triangle-9::::,1,0.91880870409994,user4-triangle-9::::,user4-delete-4-0.91880870409994::::user4-circle-6-0.91880870409994::::user4-caret-4-0.91880870409994::::user4-check-2-0.91880870409994::::user4-left-square-bracket-4-0.91880870409994::::user4-zig-zig-3-0.91880870409994::::user4-arrow-0-0.91880870409994::::user4-pigtail-4-0.91880870409994::::user4-x-5-0.91880870409994::::user4-right-square-bracket-6-0.91880870409994::::user4-rectangle-5-0.91880870409994::::user4-star-9-0.91880870409994::::user4-left-curly-brace-5-0.91880870409994::::user4-right-curly-brace-8-0.91880870409994::::user4-triangle-9-0.91880870409994::::user4-triangle-9-0.5180768375200595::::user4-v-7--inf::::
user4,delete,0,1,16,user4-v-7user4-triangle-9user4-delete-4user4-circle-6user4-caret-4user4-check-2user4-left-square-bracket-4user4-zig-zig-3user4-arrow-0user4-pigtail-4user4-x-5user4-right-square-bracket-6user4-rectangle-5user4-star-9user4-left-curly-brace-5user4-right-curly-brace-8,user4-delete-1::::,user4-delete-4::::,1,0.9071500238139905,user4-delete-4::::,user4-circle-6-0.9071500238139905::::user4-caret-4-0.9071500238139905::::user4-check-2-0.9071500238139905::::user4-left-square-bracket-4-0.9071500238139905::::user4-zig-zig-3-0.9071500238139905::::user4-arrow-0-0.9071500238139905::::user4-pigtail-4-0.9071500238139905::::user4-x-5-0.9071500238139905::::user4-right-square-bracket-6-0.9071500238139905::::user4-rectangle-5-0.9071500238139905::::user4-star-9-0.9071500238139905::::user4-left-curly-brace-5-0.9071500238139905::::user4-right-curly-brace-8-0.9071500238139905::::user4-delete-4-0.9071500238139905::::user4-triangle-9-0.4550942830908098::::user4-delete-4-0.4550942830908098::::user4-v-7--inf::::
user4,circle,0,1,16,user4-v-7user4-triangle-9user4-delete-4user4-circle-6user4-caret-4user4-check-2user4-left-square-bracket-4user4-zig-zig-3user4-arrow-0user4-pigtail-4user4-x-5user4-right-square-bracket-6user4-rectangle-5user4-star-9user4-left-curly-brace-5user4-right-curly-brace-8,user4-circle-4::::,user4-circle-6::::,1,0.9497104544999436,user4-circle-6::::,user4-caret-4-0.9497104544999436::::user4-check-2-0.9497104544999436::::user4-left-square-bracket-4-0.9497104544999436::::user4-zig-zig-3-0.9497104544999436::::user4-arrow-0-0.9497104544999436::::user4-pigtail-4-0.9497104544999436::::user4-x-5-0.9497104544999436::::user4-right-square-bracket-6-0.9497104544999436::::user4-rectangle-5-0.9497104544999436::::user4-star-9-0.9497104544999436::::user4-left-curly-brace-5-0.9497104544999436::::user4-right-curly-brace-8-0.9497104544999436::::user4-circle-6-0.9497104544999436::::user4-delete-4-0.8003066424591541::::user4-circle-6-0.8003066424591541::::user4-triangle-9-0.45587438342425834::::user4-v-7--inf::::
user4,caret,0,1,16,user4-v-7user4-triangle-9user4-delete-4user4-circle-6user4-caret-4user4-check-2user4-left-square-bracket-4user4-zig-zig-3user4-arrow-0user4-pigtail-4user4-x-5user4-right-square-bracket-6user4-rectangle-5user4-star-9user4-left-curly-brace-5user4-right-curly-brace-8,user4-caret-2::::,user4-caret-4::::,1,0.9132126146873462,user4-caret-4::::,user4-check-2-0.9132126146873462::::user4-left-square-bracket-4-0.9132126146873462::::user4-zig-zig-3-0.9132126146873462::::user4-arrow-0-0.9132126146873462::::user4-pigtail-4-0.9132126146873462::::user4-x-5-0.9132126146873462::::user4-right-square-bracket-6-0.9132126146873462::::user4-rectangle-5-0.9132126146873462::::user4-star-9-0.9132126146873462::::user4-left-curly-brace-5-0.9132126146873462::::user4-right-curly-brace-8-0.9132126146873462::::user4-caret-4-0.9132126146873462::::user4-circle-6-0.42264359409865515::::user4-caret-4-0.42264359409865515::::user4-triangle-9-0.3091269814183648::::user4-delete-4-0.3091269814183648::::user4-v-7--inf::::
user4,check,0,1,16,user4-v-7user4-triangle-9user4-delete-4user4-circle-6user4-caret-4user4-check-2user4-left-square-bracket-4user4-zig-zig-3user4-arrow-0user4-pigtail-4user4-x-5user4-right-square-bracket-6user4-rectangle-5user4-star-9user4-left-curly-brace-5user4-right-curly-brace-8,user4-check-9::::,user4-check-2::::,1,0.9222686168290534,user4-check-2::::,user4-left-square-bracket-4-0.9222686168290534::::user4-zig-zig-3-0.9222686168290534::::user4-arrow-0-0.9222686168290534::::user4-pigtail-4-0.9222686168290534::::user4-x-5-0.9222686168290534::::user4-right-square-bracket-6-0.9222686168290534::::user4-rectangle-5-0.9222686168290534::::user4-star-9-0.9222686168290534::::user4-left-curly-brace-5-0.9222686168290534::::user4-right-curly-brace-8-0.9222686168290534::::user4-check-2-0.9222686168290534::::user4-triangle-9-0.6608776279384347::::user4-delete-4-0.6608776279384347::::user4-circle-6-0.6608776279384347::::user4-caret-4-0.6608776279384347::::user4-check-2-0.6608776279384347::::user4-v-7--inf::::
user4,left-square-bracket,0,1,16,user4-v-7user4-triangle-9user4-delete-4user4-circle-6user4-caret-4user4-check-2user4-left-square-bracket-4user4-zig-zig-3user4-arrow-0user4-pigtail-4user4-x-5user4-right-square-bracket-6user4-rectangle-5user4-star-9user4-left-curly-brace-5user4-right-curly-brace-8,user4-left-square-bracket-0::::,user4-left-square-bracket-4::::,1,0.9325507878004513,user4-left-square-bracket-4::::,user4-zig-zig-3-0.9325507878004513::::user4-arrow-0-0.9325507878004513::::user4-pigtail-4-0.9325507878004513::::user4-x-5-0.9325507878004513::::user4-right-square-bracket-6-0.9325507878004513::::user4-rectangle-5-0.9325507878004513::::user4-star-9-0.9325507878004513::::user4-left-curly-brace-5-0.9325507878004513::::user4-right-curly-brace-8-0.9325507878004513::::user4-left-square-bracket-4-0.9325507878004513::::user4-left-square-bracket-4-0.8152514788569802::::user4-triangle-9-0.6869950164815677::::user4-delete-4-0.6869950164815677::::user4-circle-6-0.6869950164815677::::user4-caret-4-0.6869950164815677::::user4-check-2-0.6869950164815677::::user4-v-7--inf::::
user4,zig-zig,0,1,16,user4-v-7user4-triangle-9user4-delete-4user4-circle-6user4-caret-4user4-check-2user4-left-square-bracket-4user4-zig-zig-3user4-arrow-0user4-pigtail-4user4-x-5user4-right-square-bracket-6user4-rectangle-5user4-star-9user4-left-curly-brace-5user4-right-curly-brace-8,user4-zig-zig-9::::,user4-zig-zig-3::::,1,0.91507633884948,user4-zig-zig-3::::,user4-arrow-0-0.91507633884948::::user4-pigtail-4-0.91507633884948::::user4-x-5-0.91507633884948::::user4-right-square-bracket-6-0.91507633884948::::user4-rectangle-5-0.91507633884948::::user4-star-9-0.91507633884948::::user4-left-curly-brace-5-0.91507633884948::::user4-right-curly-brace-8-0.91507633884948::::user4-zig-zig-3-0.91507633884948::::user4-check-2-0.5155584940839142::::user4-left-square-bracket-4-0.5155584940839142::::user4-zig-zig-3-0.5155584940839142::::user4-triangle-9-0.3814798525090455::::user4-delete-4-0.3814798525090455::::user4-circle-6-0.3814798525090455::::user4-caret-4-0.3814798525090455::::user4-v-7--inf::::
user4,arrow,0,1,16,user4-v-7user4-triangle-9user4-delete-4user4-circle-6user4-caret-4user4-check-2user4-left-square-bracket-4user4-zig-zig-3user4-arrow-0user4-pigtail-4user4-x-5user4-right-square-bracket-6user4-rectangle-5user4-star-9user4-left-curly-brace-5user4-right-curly-brace-8,user4-arrow-4::::,user4-arrow-0::::,1,0.8300942876917451,user4-arrow-0::::,user4-pigtail-4-0.8300942876917451::::user4-x-5-0.8300942876917451::::user4-right-square-bracket-6-0.8300942876917451::::user4-rectangle-5-0.8300942876917451::::user4-star-9-0.8300942876917451::::user4-left-curly-brace-5-0.8300942876917451::::user4-right-curly-brace-8-0.8300942876917451::::user4-arrow-0-0.8300942876917451::::user4-check-2-0.7184453928592573::::user4-left-square-bracket-4-0.7184453928592573::::user4-zig-zig-3-0.7184453928592573::::user4-arrow-0-0.7184453928592573::::user4-triangle-9-0.44832875276227224::::user4-delete-4-0.44832875276227224::::user4-circle-6-0.44832875276227224::::user4-caret-4-0.44832875276227224::::user4-v-7--inf::::
user4,pigtail,0,1,16,user4-v-7user4-triangle-9user4-delete-4user4-circle-6user4-caret-4user4-check-2user4-left-square-bracket-4user4-zig-zig-3user4-arrow-0user4-pigtail-4user4-x-5user4-right-square-bracket-6user4-rectangle-5user4-star-9user4-left-curly-brace-5user4-right-curly-brace-8,user4-pigtail-3::::,user4-pigtail-4::::,1,0.89772566577897,user4-pigtail-4::::,user4-x-5-0.89772566577897::::user4-right-square-bracket-6-0.89772566577897::::user4-rectangle-5-0.89772566577897::::user4-star-9-0.89772566577897::::user4-left-curly-brace-5-0.89772566577897::::user4-right-curly-brace-8-0.89772566577897::::user4-pigtail-4-0.89772566577897::::user4-check-2-0.6652309897237902::::user4-left-square-bracket-4-0.6652309897237902::::user4-zig-zig-3-0.6652309897237902::::user4-arrow-0-0.6652309897237902::::user4-pigtail-4-0.6652309897237902::::user4-delete-4-0.41029775733330875::::user4-circle-6-0.41029775733330875::::user4-caret-4-0.41029775733330875::::user4-triangle-9-0.23846969214628033::::user4-v-7--inf::::
user4,x,0,1,16,user4-v-7user4-triangle-9user4-delete-4user4-circle-6user4-caret-4user4-check-2user4-left-square-bracket-4user4-zig-zig-3user4-arrow-0user4-pigtail-4user4-x-5user4-right-square-bracket-6user4-rectangle-5user4-star-9user4-left-curly-brace-5user4-right-curly-brace-8,user4-x-2::::,user4-x-5::::,1,0.8985676574598918,user4-x-5::::,user4-right-square-bracket-6-0.8985676574598918::::user4-rectangle-5-0.8985676574598918::::user4-star-9-0.8985676574598918::::user4-left-curly-brace-5-0.8985676574598918::::user4-right-curly-brace-8-0.8985676574598918::::user4-x-5-0.8985676574598918::::user4-x-5-0.7366126544218671::::user4-pigtail-4-0.5858854486083664::::user4-check-2-0.5388833239157316::::user4-left-square-bracket-4-0.5388833239157316::::user4-zig-zig-3-0.5388833239157316::::user4-arrow-0-0.5388833239157316::::user4-delete-4-0.48689621829337637::::user4-circle-6-0.48689621829337637::::user4-caret-4-0.48689621829337637::::user4-triangle-9-0.28230417184329104::::user4-v-7--inf::::
user4,right-square-bracket,0,1,16,user4-v-7user4-triangle-9user4-delete-4user4-circle-6user4-caret-4user4-check-2user4-left-square-bracket-4user4-zig-zig-3user4-arrow-0user4-pigtail-4user4-x-5user4-right-square-bracket-6user4-rectangle-5user4-star-9user4-left-curly-brace-5user4-right-curly-brace-8,user4-right-square-bracket-2::::,user4-right-square-bracket-6::::,1,0.9158834021501105,user4-right-square-bracket-6::::,user4-rectangle-5-0.9158834021501105::::user4-star-9-0.9158834021501105::::user4-left-curly-brace-5-0.9158834021501105::::user4-right-curly-brace-8-0.9158834021501105::::user4-right-square-bracket-6-0.9158834021501105::::user4-arrow-0-0.653056960328382::::user4-pigtail-4-0.653056960328382::::user4-x-5-0.653056960328382::::user4-right-square-bracket-6-0.653056960328382::::user4-check-2-0.5719017192965149::::user4-left-square-bracket-4-0.5719017192965149::::user4-zig-zig-3-0.5719017192965149::::user4-triangle-9-0.34721368497171323::::user4-delete-4-0.34721368497171323::::user4-circle-6-0.34721368497171323::::user4-caret-4-0.34721368497171323::::user4-v-7--inf::::
user4,rectangle,0,1,16,user4-v-7user4-triangle-9user4-delete-4user4-circle-6user4-caret-4user4-check-2user4-left-square-bracket-4user4-zig-zig-3user4-arrow-0user4-pigtail-4user4-x-5user4-right-square-bracket-6user4-rectangle-5user4-star-9user4-left-curly-brace-5user4-right-curly-brace-8,user4-rectangle-2::::,user4-rectangle-5::::,1,0.9188672500904437,user4-rectangle-5::::,user4-star-9-0.9188672500904437::::user4-left-curly-brace-5-0.9188672500904437::::user4-right-curly-brace-8-0.9188672500904437::::user4-rectangle-5-0.9188672500904437::::user4-caret-4-0.7709145796754091::::user4-check-2-0.7709145796754091::::user4-left-square-bracket-4-0.7709145796754091::::user4-zig-zig-3-0.7709145796754091::::user4-arrow-0-0.7709145796754091::::user4-pigtail-4-0.7709145796754091::::user4-x-5-0.7709145796754091::::user4-right-square-bracket-6-0.7709145796754091::::user4-rectangle-5-0.7709145796754091::::user4-delete-4-0.7061455386841098::::user4-circle-6-0.7061455386841098::::user4-triangle-9-0.5514786548232575::::user4-v-7--inf::::
user4,star,0,1,16,user4-v-7user4-triangle-9user4-delete-4user4-circle-6user4-caret-4user4-check-2user4-left-square-bracket-4user4-zig-zig-3user4-arrow-0user4-pigtail-4user4-x-5user4-right-square-bracket-6user4-rectangle-5user4-star-9user4-left-curly-brace-5user4-right-curly-brace-8,user4-star-1::::,user4-star-9::::,1,0.80504665729024,user4-star-9::::,user4-left-curly-brace-5-0.80504665729024::::user4-right-curly-brace-8-0.80504665729024::::user4-star-9-0.80504665729024::::user4-arrow-0-0.4597296448750007::::user4-pigtail-4-0.4597296448750007::::user4-x-5-0.4597296448750007::::user4-right-square-bracket-6-0.4597296448750007::::user4-rectangle-5-0.4597296448750007::::user4-star-9-0.4597296448750007::::user4-delete-4-0.35630486205868706::::user4-circle-6-0.35630486205868706::::user4-caret-4-0.35630486205868706::::user4-check-2-0.35630486205868706::::user4-left-square-bracket-4-0.35630486205868706::::user4-zig-zig-3-0.35630486205868706::::user4-triangle-9-0.31433625343615845::::user4-v-7--inf::::
user4,left-curly-brace,0,1,16,user4-v-7user4-triangle-9user4-delete-4user4-circle-6user4-caret-4user4-check-2user4-left-square-bracket-4user4-zig-zig-3user4-arrow-0user4-pigtail-4user4-x-5user4-right-square-bracket-6user4-rectangle-5user4-star-9user4-left-curly-brace-5user4-right-curly-brace-8,user4-left-curly-brace-0::::,user4-left-curly-brace-5::::,1,0.88389552377304,user4-left-curly-brace-5::::,user4-right-curly-brace-8-0.88389552377304::::user4-left-curly-brace-5-0.88389552377304::::user4-zig-zig-3-0.8579495008436544::::user4-arrow-0-0.8579495008436544::::user4-pigtail-4-0.8579495008436544::::user4-x-5-0.8579495008436544::::user4-right-square-bracket-6-0.8579495008436544::::user4-rectangle-5-0.8579495008436544::::user4-star-9-0.8579495008436544::::user4-left-curly-brace-5-0.8579495008436544::::user4-left-square-bracket-4-0.7701742356006578::::user4-triangle-9-0.731416453352084::::user4-delete-4-0.731416453352084::::user4-circle-6-0.731416453352084::::user4-caret-4-0.731416453352084::::user4-check-2-0.731416453352084::::user4-v-7--inf::::
user4,right-curly-brace,0,1,16,user4-v-7user4-triangle-9user4-delete-4user4-circle-6user4-caret-4user4-check-2user4-left-square-bracket-4user4-zig-zig-3user4-arrow-0user4-pigtail-4user4-x-5user4-right-square-bracket-6user4-rectangle-5user4-star-9user4-left-curly-brace-5user4-right-curly-brace-8,user4-right-curly-brace-9::::,user4-right-curly-brace-8::::,1,0.9456752299797108,user4-right-curly-brace-8::::,user4-right-curly-brace-8-0.9456752299797108::::user4-rectangle-5-0.8490603341145248::::user4-star-9-0.8490603341145248::::user4-left-curly-brace-5-0.8490603341145248::::user4-right-curly-brace-8-0.8490603341145248::::user4-arrow-0-0.6753447482528111::::user4-pigtail-4-0.6753447482528111::::user4-x-5-0.6753447482528111::::user4-right-square-bracket-6-0.6753447482528111::::user4-check-2-0.640448797508059::::user4-left-square-bracket-4-0.640448797508059::::user4-zig-zig-3-0.640448797508059::::user4-triangle-9-0.32434982883193275::::user4-delete-4-0.32434982883193275::::user4-circle-6-0.32434982883193275::::user4-caret-4-0.32434982883193275::::user4-v-7--inf::::
user5,v,0,1,16,user5-v-8user5-triangle-1user5-delete-9user5-circle-7user5-caret-6user5-check-7user5-left-square-bracket-7user5-zig-zig-2user5-arrow-9user5-pigtail-5user5-x-4user5-right-square-bracket-5user5-rectangle-2user5-star-7user5-left-curly-brace-2user5-right-curly-brace-0,user5-v-5::::,user5-left-square-bracket-7::::,0,0.8877323772599365,user5-left-square-bracket-7::::,user5-zig-zig-2-0.8877323772599365::::user5-arrow-9-0.8877323772599365::::user5-pigtail-5-0.8877323772599365::::user5-x-4-0.8877323772599365::::user5-right-square-bracket-5-0.8877323772599365::::user5-rectangle-2-0.8877323772599365::::user5-star-7-0.8877323772599365::::user5-left-curly-brace-2-0.8877323772599365::::user5-right-curly-brace-0-0.8877323772599365::::user5-left-square-bracket-7-0.8877323772599365::::user5-triangle-1-0.7776607234935651::::user5-delete-9-0.7776607234935651::::user5-circle-7-0.7776607234935651::::user5-caret-6-0.7776607234935651::::user5-check-7-0.7776607234935651::::user5-left-square-bracket-7-0.7776607234935651::::user5-v-8--inf::::
user5,triangle,0,1,16,user5-v-8user5-triangle-1user5-delete-9user5-circle-7user5-caret-6user5-check-7user5-left-square-bracket-7user5-zig-zig-2user5-arrow-9user5-pigtail-5user5-x-4user5-right-square-bracket-5user5-rectangle-2user5-star-7user5-left-curly-brace-2user5-right-curly-brace-0,user5-triangle-5::::,user5-triangle-1::::,1,0.8205476757576081,user5-triangle-1::::,user5-delete-9-0.8205476757576081::::user5-circle-7-0.8205476757576081::::user5-caret-6-0.8205476757576081::::user5-check-7-0.8205476757576081::::user5-left-square-bracket-7-0.8205476757576081::::user5-zig-zig-2-0.8205476757576081::::user5-arrow-9-0.8205476757576081::::user5-pigtail-5-0.8205476757576081::::user5-x-4-0.8205476757576081::::user5-right-square-bracket-5-0.8205476757576081::::user5-rectangle-2-0.8205476757576081::::user5-star-7-0.8205476757576081::::user5-left-curly-brace-2-0.8205476757576081::::user5-right-curly-brace-0-0.8205476757576081::::user5-triangle-1-0.8205476757576081::::user5-triangle-1-0.4452021915818083::::user5-v-8--inf::::
user5,delete,0,1,16,user5-v-8user5-triangle-1user5-delete-9user5-circle-7user5-caret-6user5-check-7user5-left-square-bracket-7user5-zig-zig-2user5-arrow-9user5-pigtail-5user5-x-4user5-right-square-bracket-5user5-rectangle-2user5-star-7user5-left-curly-brace-2user5-right-curly-brace-0,user5-delete-4::::,user5-delete-9::::,1,0.8270065507339666,user5-delete-9::::,user5-circle-7-0.8270065507339666::::user5-caret-6-0.8270065507339666::::user5-check-7-0.8270065507339666::::user5-left-square-bracket-7-0.8270065507339666::::user5-zig-zig-2-0.8270065507339666::::user5-arrow-9-0.8270065507339666::::user5-pigtail-5-0.8270065507339666::::user5-x-4-0.8270065507339666::::user5-right-square-bracket-5-0.8270065507339666::::user5-rectangle-2-0.8270065507339666::::user5-star-7-0.8270065507339666::::user5-left-curly-brace-2-0.8270065507339666::::user5-right-curly-brace-0-0.8270065507339666::::user5-delete-9-0.8270065507339666::::user5-triangle-1-0.4988422038494378::::user5-delete-9-0.4988422038494378::::user5-v-8--inf::::
user5,circle,0,1,16,user5-v-8user5-triangle-1user5-delete-9user5-circle-7user5-caret-6user5-check-7user5-left-square-bracket-7user5-zig-zig-2user5-arrow-9user5-pigtail-5user5-x-4user5-right-square-bracket-5user5-rectangle-2user5-star-7user5-left-curly-brace-2user5-right-curly-brace-0,user5-circle-4::::,user5-circle-7::::,1,0.9228698026447817,user5-circle-7::::,user5-caret-6-0.9228698026447817::::user5-check-7-0.9228698026447817::::user5-left-square-bracket-7-0.9228698026447817::::user5-zig-zig-2-0.9228698026447817::::user5-arrow-9-0.9228698026447817::::user5-pigtail-5-0.9228698026447817::::user5-x-4-0.9228698026447817::::user5-right-square-bracket-5-0.9228698026447817::::user5-rectangle-2-0.9228698026447817::::user5-star-7-0.9228698026447817::::user5-left-curly-brace-2-0.9228698026447817::::user5-right-curly-brace-0-0.9228698026447817::::user5-circle-7-0.9228698026447817::::user5-delete-9-0.8595606281763637::::user5-circle-7-0.8595606281763637::::user5-triangle-1-0.5271117676440951::::user5-v-8--inf::::
user5,caret,0,1,16,user5-v-8user5-triangle-1user5-delete-9user5-circle-7user5-caret-6user5-check-7user5-left-square-bracket-7user5-zig-zig-2user5-arrow-9user5-pigtail-5user5-x-4user5-right-square-bracket-5user5-rectangle-2user5-star-7user5-left-curly-brace-2user5-right-curly-brace-0,user5-caret-1::::,user5-caret-6::::,1,0.9637251236636641,user5-caret-6::::,user5-check-7-0.9637251236636641::::user5-left-square-bracket-7-0.9637251236636641::::user5-zig-zig-2-0.9637251236636641::::user5-arrow-9-0.9637251236636641::::user5-pigtail-5-0.9637251236636641::::user5-x-4-0.9637251236636641::::user5-right-square-bracket-5-0.9637251236636641::::user5-rectangle-2-0.9637251236636641::::user5-star-7-0.9637251236636641::::user5-left-curly-brace-2-0.9637251236636641::::user5-right-curly-brace-0-0.9637251236636641::::user5-caret-6-0.9637251236636641::::user5-circle-7-0.3990110255290429::::user5-caret-6-0.3990110255290429::::user5-triangle-1-0.3458606880447983::::user5-delete-9-0.3458606880447983::::user5-v-8--inf::::
user5,check,0,1,16,user5-v-8user5-triangle-1user5-delete-9user5-circle-7user5-caret-6user5-check-7user5-left-square-bracket-7user5-zig-zig-2user5-arrow-9user5-pigtail-5user5-x-4user5-right-square-bracket-5user5-rectangle-2user5-star-7user5-left-curly-brace-2user5-right-curly-brace-0,user5-check-8::::,user5-check-7::::,1,0.9543906508427429,user5-check-7::::,user5-left-square-bracket-7-0.9543906508427429::::user5-zig-zig-2-0.9543906508427429::::user5-arrow-9-0.9543906508427429::::user5-pigtail-5-0.9543906508427429::::user5-x-4-0.9543906508427429::::user5-right-square-bracket-5-0.9543906508427429::::user5-rectangle-2-0.9543906508427429::::user5-star-7-0.9543906508427429::::user5-left-curly-brace-2-0.9543906508427429::::user5-right-curly-brace-0-0.9543906508427429::::user5-check-7-0.9543906508427429::::user5-triangle-1-0.5981611099331662::::user5-delete-9-0.5981611099331662::::user5-circle-7-0.5981611099331662::::user5-caret-6-0.5981611099331662::::user5-check-7-0.5981611099331662::::user5-v-8--inf::::
user5,left-square-bracket,0,1,16,user5-v-8user5-triangle-1user5-delete-9user5-circle-7user5-caret-6user5-check-7user5-left-square-bracket-7user5-zig-zig-2user5-arrow-9user5-pigtail-5user5-x-4user5-right-square-bracket-5user5-rectangle-2user5-star-7user5-left-curly-brace-2user5-right-curly-brace-0,user5-left-square-bracket-5::::,user5-left-square-bracket-7::::,1,0.8569696499130712,user5-left-square-bracket-7::::,user5-zig-zig-2-0.8569696499130712::::user5-arrow-9-0.8569696499130712::::user5-pigtail-5-0.8569696499130712::::user5-x-4-0.8569696499130712::::user5-right-square-bracket-5-0.8569696499130712::::user5-rectangle-2-0.8569696499130712::::user5-star-7-0.8569696499130712::::user5-left-curly-brace-2-0.8569696499130712::::user5-right-curly-brace-0-0.8569696499130712::::user5-left-square-bracket-7-0.8569696499130712::::user5-left-square-bracket-7-0.7796227973589305::::user5-triangle-1-0.7129412794080002::::user5-delete-9-0.7129412794080002::::user5-circle-7-0.7129412794080002::::user5-caret-6-0.7129412794080002::::user5-check-7-0.7129412794080002::::user5-v-8--inf::::
user5,zig-zig,0,1,16,user5-v-8user5-triangle-1user5-delete-9user5-circle-7user5-caret-6user5-check-7user5-left-square-bracket-7user5-zig-zig-2user5-arrow-9user5-pigtail-5user5-x-4user5-right-square-bracket-5user5-rectangle-2user5-star-7user5-left-curly-brace-2user5-right-curly-brace-0,user5-zig-zig-5::::,user5-zig-zig-2::::,1,0.7914287029131842,user5-zig-zig-2::::,user5-arrow-9-0.7914287029131842::::user5-pigtail-5-0.7914287029131842::::user5-x-4-0.7914287029131842::::user5-right-square-bracket-5-0.7914287029131842::::user5-rectangle-2-0.7914287029131842::::user5-star-7-0.7914287029131842::::user5-left-curly-brace-2-0.7914287029131842::::user5-right-curly-brace-0-0.7914287029131842::::user5-zig-zig-2-0.7914287029131842::::user5-left-square-bracket-7-0.514533778520945::::user5-zig-zig-2-0.514533778520945::::user5-triangle-1-0.4662919585343417::::user5-delete-9-0.4662919585343417::::user5-circle-7-0.4662919585343417::::user5-caret-6-0.4662919585343417::::user5-check-7-0.4662919585343417::::user5-v-8--inf::::
user5,arrow,0,1,16,user5-v-8user5-triangle-1user5-delete-9user5-circle-7user5-caret-6user5-check-7user5-left-square-bracket-7user5-zig-zig-2user5-arrow-9user5-pigtail-5user5-x-4user5-right-square-bracket-5user5-rectangle-2user5-star-7user5-left-curly-brace-2user5-right-curly-brace-0,user5-arrow-0::::,user5-arrow-9::::,1,0.7699149538348113,user5-arrow-9::::,user5-pigtail-5-0.7699149538348113::::user5-x-4-0.7699149538348113::::user5-right-square-bracket-5-0.7699149538348113::::user5-rectangle-2-0.7699149538348113::::user5-star-7-0.7699149538348113::::user5-left-curly-brace-2-0.7699149538348113::::user5-right-curly-brace-0-0.7699149538348113::::user5-arrow-9-0.7699149538348113::::user5-check-7-0.6728337982223285::::user5-left-square-bracket-7-0.6728337982223285::::user5-zig-zig-2-0.6728337982223285::::user5-arrow-9-0.6728337982223285::::user5-triangle-1-0.4626330264660298::::user5-delete-9-0.4626330264660298::::user5-circle-7-0.4626330264660298::::user5-caret-6-0.4626330264660298::::user5-v-8--inf::::
user5,pigtail,0,1,16,user5-v-8user5-triangle-1user5-delete-9user5-circle-7user5-caret-6user5-check-7user5-left-square-bracket-7user5-zig-zig-2user5-arrow-9user5-pigtail-5user5-x-4user5-right-square-bracket-5user5-rectangle-2user5-star-7user5-left-curly-brace-2user5-right-curly-brace-0,user5-pigtail-0::::,user5-pigtail-5::::,1,0.8163934170780932,user5-pigtail-5::::,user5-x-4-0.8163934170780932::::user5-right-square-bracket-5-0.8163934170780932::::user5-rectangle-2-0.8163934170780932::::user5-star-7-0.8163934170780932::::user5-left-curly-brace-2-0.8163934170780932::::user5-right-curly-brace-0-0.8163934170780932::::user5-pigtail-5-0.8163934170780932::::user5-check-7-0.7093181927921945::::user5-left-square-bracket-7-0.7093181927921945::::user5-zig-zig-2-0.7093181927921945::::user5-arrow-9-0.7093181927921945::::user5-pigtail-5-0.7093181927921945::::user5-circle-7-0.4075409767182714::::user5-caret-6-0.4075409767182714::::user5-triangle-1-0.3191094391076209::::user5-delete-9-0.3191094391076209::::user5-v-8--inf::::
user5,x,0,1,16,user5-v-8user5-triangle-1user5-delete-9user5-circle-7user5-caret-6user5-check-7user5-left-square-bracket-7user5-zig-zig-2user5-arrow-9user5-pigtail-5user5-x-4user5-right-square-bracket-5user5-rectangle-2user5-star-7user5-left-curly-brace-2user5-right-curly-brace-0,user5-x-5::::,user5-caret-6::::,0,0.7342646933761314,user5-caret-6::::,user5-check-7-0.7342646933761314::::user5-left-square-bracket-7-0.7342646933761314::::user5-zig-zig-2-0.7342646933761314::::user5-arrow-9-0.7342646933761314::::user5-pigtail-5-0.7342646933761314::::user5-x-4-0.7342646933761314::::user5-right-square-bracket-5-0.7342646933761314::::user5-rectangle-2-0.7342646933761314::::user5-star-7-0.7342646933761314::::user5-left-curly-brace-2-0.7342646933761314::::user5-right-curly-brace-0-0.7342646933761314::::user5-caret-6-0.7342646933761314::::user5-circle-7-0.4735326103664892::::user5-caret-6-0.4735326103664892::::user5-triangle-1-0.3587047216114384::::user5-delete-9-0.3587047216114384::::user5-v-8--inf::::
user5,right-square-bracket,0,1,16,user5-v-8user5-triangle-1user5-delete-9user5-circle-7user5-caret-6user5-check-7user5-left-square-bracket-7user5-zig-zig-2user5-arrow-9user5-pigtail-5user5-x-4user5-right-square-bracket-5user5-rectangle-2user5-star-7user5-left-curly-brace-2user5-right-curly-brace-0,user5-right-square-bracket-6::::,user5-right-square-bracket-5::::,1,0.9046305132803409,user5-right-square-bracket-5::::,user5-rectangle-2-0.9046305132803409::::user5-star-7-0.9046305132803409::::user5-left-curly-brace-2-0.9046305132803409::::user5-right-curly-brace-0-0.9046305132803409::::user5-right-square-bracket-5-0.9046305132803409::::user5-check-7-0.6381535123610966::::user5-left-square-bracket-7-0.6381535123610966::::user5-zig-zig-2-0.6381535123610966::::user5-arrow-9-0.6381535123610966::::user5-pigtail-5-0.6381535123610966::::user5-x-4-0.6381535123610966::::user5-right-square-bracket-5-0.6381535123610966::::user5-triangle-1-0.27885891922172723::::user5-delete-9-0.27885891922172723::::user5-circle-7-0.27885891922172723::::user5-caret-6-0.27885891922172723::::user5-v-8--inf::::
user5,rectangle,0,1,16,user5-v-8user5-triangle-1user5-delete-9user5-circle-7user5-caret-6user5-check-7user5-left-square-bracket-7user5-zig-zig-2user5-arrow-9user5-pigtail-5user5-x-4user5-right-square-bracket-5user5-rectangle-2user5-star-7user5-left-curly-brace-2user5-right-curly-brace-0,user5-rectangle-4::::,user5-rectangle-2::::,1,0.9453711789600381,user5-rectangle-2::::,user5-star-7-0.9453711789600381::::user5-left-curly-brace-2-0.9453711789600381::::user5-right-curly-brace-0-0.9453711789600381::::user5-rectangle-2-0.9453711789600381::::user5-caret-6-0.8166089986094162::::user5-check-7-0.8166089986094162::::user5-left-square-bracket-7-0.8166089986094162::::user5-zig-zig-2-0.8166089986094162::::user5-arrow-9-0.8166089986094162::::user5-pigtail-5-0.8166089986094162::::user5-x-4-0.8166089986094162::::user5-right-square-bracket-5-0.8166089986094162::::user5-rectangle-2-0.8166089986094162::::user5-delete-9-0.7939484856569288::::user5-circle-7-0.7939484856569288::::user5-triangle-1-0.5832221297511164::::user5-v-8--inf::::
user5,star,0,1,16,user5-v-8user5-triangle-1user5-delete-9user5-circle-7user5-caret-6user5-check-7user5-left-square-bracket-7user5-zig-zig-2user5-arrow-9user5-pigtail-5user5-x-4user5-right-square-bracket-5user5-rectangle-2user5-star-7user5-left-curly-brace-2user5-right-curly-brace-0,user5-star-3::::,user5-star-7::::,1,0.6330248545702504,user5-star-7::::,user5-left-curly-brace-2-0.6330248545702504::::user5-right-curly-brace-0-0.6330248545702504::::user5-star-7-0.6330248545702504::::user5-rectangle-2-0.4696171934010047::::user5-star-7-0.4696171934010047::::user5-check-7-0.4568955291826743::::user5-left-square-bracket-7-0.4568955291826743::::user5-zig-zig-2-0.4568955291826743::::user5-arrow-9-0.4568955291826743::::user5-pigtail-5-0.4568955291826743::::user5-x-4-0.4568955291826743::::user5-right-square-bracket-5-0.4568955291826743::::user5-circle-7-0.3378537358297249::::user5-caret-6-0.3378537358297249::::user5-triangle-1-0.2629207118614387::::user5-delete-9-0.2629207118614387::::user5-v-8--inf::::
user5,left-curly-brace,0,1,16,user5-v-8user5-triangle-1user5-delete-9user5-circle-7user5-caret-6user5-check-7user5-left-square-bracket-7user5-zig-zig-2user5-arrow-9user5-pigtail-5user5-x-4user5-right-square-bracket-5user5-rectangle-2user5-star-7user5-left-curly-brace-2user5-right-curly-brace-0,user5-left-curly-brace-7::::,user5-left-curly-brace-2::::,1,0.817361078693321,user5-left-curly-brace-2::::,user5-right-curly-brace-0-0.817361078693321::::user5-left-curly-brace-2-0.817361078693321::::user5-left-square-bracket-7-0.7332518535282195::::user5-zig-zig-2-0.7332518535282195::::user5-arrow-9-0.7332518535282195::::user5-pigtail-5-0.7332518535282195::::user5-x-4-0.7332518535282195::::user5-right-square-bracket-5-0.7332518535282195::::user5-rectangle-2-0.7332518535282195::::user5-star-7-0.7332518535282195::::user5-left-curly-brace-2-0.7332518535282195::::user5-triangle-1-0.532658204973832::::user5-delete-9-0.532658204973832::::user5-circle-7-0.532658204973832::::user5-caret-6-0.532658204973832::::user5-check-7-0.532658204973832::::user5-v-8--inf::::
user5,right-curly-brace,0,1,16,user5-v-8user5-triangle-1user5-delete-9user5-circle-7user5-caret-6user5-check-7user5-left-square-bracket-7user5-zig-zig-2user5-arrow-9user5-pigtail-5user5-x-4user5-right-square-bracket-5user5-rectangle-2user5-star-7user5-left-curly-brace-2user5-right-curly-brace-0,user5-right-curly-brace-3::::,user5-right-curly-brace-0::::,1,0.8634023584400174,user5-right-curly-brace-0::::,user5-right-curly-brace-0-0.8634023584400174::::user5-rectangle-2-0.7783559252882827::::user5-star-7-0.7783559252882827::::user5-left-curly-brace-2-0.7783559252882827::::user5-right-curly-brace-0-0.7783559252882827::::user5-pigtail-5-0.6495448285515254::::user5-x-4-0.6495448285515254::::user5-right-square-bracket-5-0.6495448285515254::::user5-check-7-0.5939318761343457::::user5-left-square-bracket-7-0.5939318761343457::::user5-zig-zig-2-0.5939318761343457::::user5-arrow-9-0.5939318761343457::::user5-triangle-1-0.31933609421911735::::user5-delete-9-0.31933609421911735::::user5-circle-7-0.31933609421911735::::user5-caret-6-0.31933609421911735::::user5-v-8--inf::::
user6,v,0,1,16,user6-v-6user6-triangle-9user6-delete-6user6-circle-2user6-caret-5user6-check-4user6-left-square-bracket-0user6-zig-zig-8user6-arrow-3user6-pigtail-8user6-x-6user6-right-square-bracket-3user6-rectangle-2user6-star-6user6-left-curly-brace-4user6-right-curly-brace-6,user6-v-8::::,user6-v-6::::,1,0.864327204249719,user6-v-6::::,user6-triangle-9-0.864327204249719::::user6-delete-6-0.864327204249719::::user6-circle-2-0.864327204249719::::user6-caret-5-0.864327204249719::::user6-check-4-0.864327204249719::::user6-left-square-bracket-0-0.864327204249719::::user6-zig-zig-8-0.864327204249719::::user6-arrow-3-0.864327204249719::::user6-pigtail-8-0.864327204249719::::user6-x-6-0.864327204249719::::user6-right-square-bracket-3-0.864327204249719::::user6-rectangle-2-0.864327204249719::::user6-star-6-0.864327204249719::::user6-left-curly-brace-4-0.864327204249719::::user6-right-curly-brace-6-0.864327204249719::::user6-v-6-0.864327204249719::::user6-v-6--inf::::
user6,triangle,0,1,16,user6-v-6user6-triangle-9user6-delete-6user6-circle-2user6-caret-5user6-check-4user6-left-square-bracket-0user6-zig-zig-8user6-arrow-3user6-pigtail-8user6-x-6user6-right-square-bracket-3user6-rectangle-2user6-star-6user6-left-curly-brace-4user6-right-curly-brace-6,user6-triangle-8::::,user6-triangle-9::::,1,0.8640503602708487,user6-triangle-9::::,user6-delete-6-0.8640503602708487::::user6-circle-2-0.8640503602708487::::user6-caret-5-0.8640503602708487::::user6-check-4-0.8640503602708487::::user6-left-square-bracket-0-0.8640503602708487::::user6-zig-zig-8-0.8640503602708487::::user6-arrow-3-0.8640503602708487::::user6-pigtail-8-0.8640503602708487::::user6-x-6-0.8640503602708487::::user6-right-square-bracket-3-0.8640503602708487::::user6-rectangle-2-0.8640503602708487::::user6-star-6-0.8640503602708487::::user6-left-curly-brace-4-0.8640503602708487::::user6-right-curly-brace-6-0.8640503602708487::::user6-triangle-9-0.8640503602708487::::user6-triangle-9-0.5089551286764293::::user6-v-6--inf::::
user6,delete,0,1,16,user6-v-6user6-triangle-9user6-delete-6user6-circle-2user6-caret-5user6-check-4user6-left-square-bracket-0user6-zig-zig-8user6-arrow-3user6-pigtail-8user6-x-6user6-right-square-bracket-3user6-rectangle-2user6-star-6user6-left-curly-brace-4user6-right-curly-brace-6,user6-delete-7::::,user6-delete-6::::,1,0.7400757918060865,user6-delete-6::::,user6-circle-2-0.7400757918060865::::user6-caret-5-0.7400757918060865::::user6-check-4-0.7400757918060865::::user6-left-square-bracket-0-0.7400757918060865::::user6-zig-zig-8-0.7400757918060865::::user6-arrow-3-0.7400757918060865::::user6-pigtail-8-0.7400757918060865::::user6-x-6-0.7400757918060865::::user6-right-square-bracket-3-0.7400757918060865::::user6-rectangle-2-0.7400757918060865::::user6-star-6-0.7400757918060865::::user6-left-curly-brace-4-0.7400757918060865::::user6-right-curly-brace-6-0.7400757918060865::::user6-delete-6-0.7400757918060865::::user6-delete-6-0.4844316753374355::::user6-triangle-9-0.4276893255861408::::user6-v-6--inf::::
user6,circle,0,1,16,user6-v-6user6-triangle-9user6-delete-6user6-circle-2user6-caret-5user6-check-4user6-left-square-bracket-0user6-zig-zig-8user6-arrow-3user6-pigtail-8user6-x-6user6-right-square-bracket-3user6-rectangle-2user6-star-6user6-left-curly-brace-4user6-right-curly-brace-6,user6-circle-8::::,user6-circle-2::::,1,0.9277014982363032,user6-circle-2::::,user6-caret-5-0.9277014982363032::::user6-check-4-0.9277014982363032::::user6-left-square-bracket-0-0.9277014982363032::::user6-zig-zig-8-0.9277014982363032::::user6-arrow-3-0.9277014982363032::::user6-pigtail-8-0.9277014982363032::::user6-x-6-0.9277014982363032::::user6-right-square-bracket-3-0.9277014982363032::::user6-rectangle-2-0.9277014982363032::::user6-star-6-0.9277014982363032::::user6-left-curly-brace-4-0.9277014982363032::::user6-right-curly-brace-6-0.9277014982363032::::user6-circle-2-0.9277014982363032::::user6-delete-6-0.8422742200617017::::user6-circle-2-0.8422742200617017::::user6-triangle-9-0.39547220666118577::::user6-v-6--inf::::
user6,caret,0,1,16,user6-v-6user6-triangle-9user6-delete-6user6-circle-2user6-caret-5user6-check-4user6-left-square-bracket-0user6-zig-zig-8user6-arrow-3user6-pigtail-8user6-x-6user6-right-square-bracket-3user6-rectangle-2user6-star-6user6-left-curly-brace-4user6-right-curly-brace-6,user6-caret-1::::,user6-caret-5::::,1,0.8596272247565206,user6-caret-5::::,user6-check-4-0.8596272247565206::::user6-left-square-bracket-0-0.8596272247565206::::user6-zig-zig-8-0.8596272247565206::::user6-arrow-3-0.8596272247565206::::user6-pigtail-8-0.8596272247565206::::user6-x-6-0.8596272247565206::::user6-right-square-bracket-3-0.8596272247565206::::user6-rectangle-2-0.8596272247565206::::user6-star-6-0.8596272247565206::::user6-left-curly-brace-4-0.8596272247565206::::user6-right-curly-brace-6-0.8596272247565206::::user6-caret-5-0.8596272247565206::::user6-circle-2-0.3576693891360706::::user6-caret-5-0.3576693891360706::::user6-delete-6-0.3281042605794061::::user6-triangle-9-0.3060855622815811::::user6-v-6--inf::::
user6,check,0,1,16,user6-v-6user6-triangle-9user6-delete-6user6-circle-2user6-caret-5user6-check-4user6-left-square-bracket-0user6-zig-zig-8user6-arrow-3user6-pigtail-8user6-x-6user6-right-square-bracket-3user6-rectangle-2user6-star-6user6-left-curly-brace-4user6-right-curly-brace-6,user6-check-2::::,user6-left-curly-brace-4::::,0,0.8963967259748356,user6-left-curly-brace-4::::,user6-right-curly-brace-6-0.8963967259748356::::user6-left-curly-brace-4-0.8963967259748356::::user6-left-square-bracket-0-0.8900303884463465::::user6-zig-zig-8-0.8900303884463465::::user6-arrow-3-0.8900303884463465::::user6-pigtail-8-0.8900303884463465::::user6-x-6-0.8900303884463465::::user6-right-square-bracket-3-0.8900303884463465::::user6-rectangle-2-0.8900303884463465::::user6-star-6-0.8900303884463465::::user6-left-curly-brace-4-0.8900303884463465::::user6-triangle-9-0.8548463734248674::::user6-delete-6-0.8548463734248674::::user6-circle-2-0.8548463734248674::::user6-caret-5-0.8548463734248674::::user6-check-4-0.8548463734248674::::user6-v-6--inf::::
user6,left-square-bracket,0,1,16,user6-v-6user6-triangle-9user6-delete-6user6-circle-2user6-caret-5user6-check-4user6-left-square-bracket-0user6-zig-zig-8user6-arrow-3user6-pigtail-8user6-x-6user6-right-square-bracket-3user6-rectangle-2user6-star-6user6-left-curly-brace-4user6-right-curly-brace-6,user6-left-square-bracket-5::::,user6-left-square-bracket-0::::,1,0.9547222224827326,user6-left-square-bracket-0::::,user6-zig-zig-8-0.9547222224827326::::user6-arrow-3-0.9547222224827326::::user6-pigtail-8-0.9547222224827326::::user6-x-6-0.9547222224827326::::user6-right-square-bracket-3-0.9547222224827326::::user6-rectangle-2-0.9547222224827326::::user6-star-6-0.9547222224827326::::user6-left-curly-brace-4-0.9547222224827326::::user6-right-curly-brace-6-0.9547222224827326::::user6-left-square-bracket-0-0.9547222224827326::::user6-left-square-bracket-0-0.8347392483830212::::user6-triangle-9-0.819778902274597::::user6-delete-6-0.819778902274597::::user6-circle-2-0.819778902274597::::user6-caret-5-0.819778902274597::::user6-check-4-0.819778902274597::::user6-v-6--inf::::
user6,zig-zig,0,1,16,user6-v-6user6-triangle-9user6-delete-6user6-circle-2user6-caret-5user6-check-4user6-left-square-bracket-0user6-zig-zig-8user6-arrow-3user6-pigtail-8user6-x-6user6-right-square-bracket-3user6-rectangle-2user6-star-6user6-left-curly-brace-4user6-right-curly-brace-6,user6-zig-zig-6::::,user6-left-curly-brace-4::::,0,0.7319538350263723,user6-left-curly-brace-4::::,user6-right-curly-brace-6-0.7319538350263723::::user6-left-curly-brace-4-0.7319538350263723::::user6-zig-zig-8-0.7188946345303158::::user6-arrow-3-0.7188946345303158::::user6-pigtail-8-0.7188946345303158::::user6-x-6-0.7188946345303158::::user6-right-square-bracket-3-0.7188946345303158::::user6-rectangle-2-0.7188946345303158::::user6-star-6-0.7188946345303158::::user6-left-curly-brace-4-0.7188946345303158::::user6-left-square-bracket-0-0.7030331011768998::::user6-triangle-9-0.6925818015559974::::user6-delete-6-0.6925818015559974::::user6-circle-2-0.6925818015559974::::user6-caret-5-0.6925818015559974::::user6-check-4-0.6925818015559974::::user6-v-6--inf::::
user6,arrow,0,1,16,user6-v-6user6-triangle-9user6-delete-6user6-circle-2user6-caret-5user6-check-4user6-left-square-bracket-0user6-zig-zig-8user6-arrow-3user6-pigtail-8user6-x-6user6-right-square-bracket-3user6-rectangle-2user6-star-6user6-left-curly-brace-4user6-right-curly-brace-6,user6-arrow-0::::,user6-x-6::::,0,0.7799299369594344,user6-x-6::::,user6-right-square-bracket-3-0.7799299369594344::::user6-rectangle-2-0.7799299369594344::::user6-star-6-0.7799299369594344::::user6-left-curly-brace-4-0.7799299369594344::::user6-right-curly-brace-6-0.7799299369594344::::user6-x-6-0.7799299369594344::::user6-x-6-0.7118965193525941::::user6-check-4-0.7005116237493851::::user6-left-square-bracket-0-0.7005116237493851::::user6-zig-zig-8-0.7005116237493851::::user6-arrow-3-0.7005116237493851::::user6-pigtail-8-0.7005116237493851::::user6-delete-6-0.40789581652040763::::user6-circle-2-0.40789581652040763::::user6-caret-5-0.40789581652040763::::user6-triangle-9-0.39239877032727055::::user6-v-6--inf::::
user6,pigtail,0,1,16,user6-v-6user6-triangle-9user6-delete-6user6-circle-2user6-caret-5user6-check-4user6-left-square-bracket-0user6-zig-zig-8user6-arrow-3user6-pigtail-8user6-x-6user6-right-square-bracket-3user6-rectangle-2user6-star-6user6-left-curly-brace-4user6-right-curly-brace-6,user6-pigtail-0::::,user6-pigtail-8::::,1,0.7392703953654611,user6-pigtail-8::::,user6-x-6-0.7392703953654611::::user6-right-square-bracket-3-0.7392703953654611::::user6-rectangle-2-0.7392703953654611::::user6-star-6-0.7392703953654611::::user6-left-curly-brace-4-0.7392703953654611::::user6-right-curly-brace-6-0.7392703953654611::::user6-pigtail-8-0.7392703953654611::::user6-pigtail-8-0.6904414886479229::::user6-check-4-0.6482196689128339::::user6-left-square-bracket-0-0.6482196689128339::::user6-zig-zig-8-0.6482196689128339::::user6-arrow-3-0.6482196689128339::::user6-delete-6-0.44129429821702604::::user6-circle-2-0.44129429821702604::::user6-caret-5-0.44129429821702604::::user6-triangle-9-0.40818416071880126::::user6-v-6--inf::::
user6,x,0,1,16,user6-v-6user6-triangle-9user6-delete-6user6-circle-2user6-caret-5user6-check-4user6-left-square-bracket-0user6-zig-zig-8user6-arrow-3user6-pigtail-8user6-x-6user6-right-square-bracket-3user6-rectangle-2user6-star-6user6-left-curly-brace-4user6-right-curly-brace-6,user6-x-9::::,user6-x-6::::,1,0.8795658420180464,user6-x-6::::,user6-right-square-bracket-3-0.8795658420180464::::user6-rectangle-2-0.8795658420180464::::user6-star-6-0.8795658420180464::::user6-left-curly-brace-4-0.8795658420180464::::user6-right-curly-brace-6-0.8795658420180464::::user6-x-6-0.8795658420180464::::user6-x-6-0.7513173643790472::::user6-pigtail-8-0.5262243531349156::::user6-check-4-0.5261974541832708::::user6-left-square-bracket-0-0.5261974541832708::::user6-zig-zig-8-0.5261974541832708::::user6-arrow-3-0.5261974541832708::::user6-delete-6-0.4712632095521544::::user6-circle-2-0.4712632095521544::::user6-caret-5-0.4712632095521544::::user6-triangle-9-0.2744464914465695::::user6-v-6--inf::::
user6,right-square-bracket,0,1,16,user6-v-6user6-triangle-9user6-delete-6user6-circle-2user6-caret-5user6-check-4user6-left-square-bracket-0user6-zig-zig-8user6-arrow-3user6-pigtail-8user6-x-6user6-right-square-bracket-3user6-rectangle-2user6-star-6user6-left-curly-brace-4user6-right-curly-brace-6,user6-right-square-bracket-2::::,user6-right-square-bracket-3::::,1,0.8846079669199891,user6-right-square-bracket-3::::,user6-rectangle-2-0.8846079669199891::::user6-star-6-0.8846079669199891::::user6-left-curly-brace-4-0.8846079669199891::::user6-right-curly-brace-6-0.8846079669199891::::user6-right-square-bracket-3-0.8846079669199891::::user6-check-4-0.7395799172070437::::user6-left-square-bracket-0-0.7395799172070437::::user6-zig-zig-8-0.7395799172070437::::user6-arrow-3-0.7395799172070437::::user6-pigtail-8-0.7395799172070437::::user6-x-6-0.7395799172070437::::user6-right-square-bracket-3-0.7395799172070437::::user6-triangle-9-0.2889671939329326::::user6-delete-6-0.2889671939329326::::user6-circle-2-0.2889671939329326::::user6-caret-5-0.2889671939329326::::user6-v-6--inf::::
user6,rectangle,0,1,16,user6-v-6user6-triangle-9user6-delete-6user6-circle-2user6-caret-5user6-check-4user6-left-square-bracket-0user6-zig-zig-8user6-arrow-3user6-pigtail-8user6-x-6user6-right-square-bracket-3user6-rectangle-2user6-star-6user6-left-curly-brace-4user6-right-curly-brace-6,user6-rectangle-6::::,user6-rectangle-2::::,1,0.9223776274008698,user6-rectangle-2::::,user6-star-6-0.9223776274008698::::user6-left-curly-brace-4-0.9223776274008698::::user6-right-curly-brace-6-0.9223776274008698::::user6-rectangle-2-0.9223776274008698::::user6-caret-5-0.8496645815939559::::user6-check-4-0.8496645815939559::::user6-left-square-bracket-0-0.8496645815939559::::user6-zig-zig-8-0.8496645815939559::::user6-arrow-3-0.8496645815939559::::user6-pigtail-8-0.8496645815939559::::user6-x-6-0.8496645815939559::::user6-right-square-bracket-3-0.8496645815939559::::user6-rectangle-2-0.8496645815939559::::user6-delete-6-0.8053852582182498::::user6-circle-2-0.8053852582182498::::user6-triangle-9-0.510661539985793::::user6-v-6--inf::::
user6,star,0,1,16,user6-v-6user6-triangle-9user6-delete-6user6-circle-2user6-caret-5user6-check-4user6-left-square-bracket-0user6-zig-zig-8user6-arrow-3user6-pigtail-8user6-x-6user6-right-square-bracket-3user6-rectangle-2user6-star-6user6-left-curly-brace-4user6-right-curly-brace-6,user6-star-3::::,user6-star-6::::,1,0.61448821232628,user6-star-6::::,user6-left-curly-brace-4-0.61448821232628::::user6-right-curly-brace-6-0.61448821232628::::user6-star-6-0.61448821232628::::user6-right-square-bracket-3-0.5072694853190446::::user6-rectangle-2-0.5072694853190446::::user6-star-6-0.5072694853190446::::user6-arrow-3-0.48109163260179744::::user6-pigtail-8-0.48109163260179744::::user6-x-6-0.48109163260179744::::user6-circle-2-0.42534096739770744::::user6-caret-5-0.42534096739770744::::user6-check-4-0.42534096739770744::::user6-left-square-bracket-0-0.42534096739770744::::user6-zig-zig-8-0.42534096739770744::::user6-delete-6-0.4068196464673981::::user6-triangle-9-0.36135209668603374::::user6-v-6--inf::::
user6,left-curly-brace,0,1,16,user6-v-6user6-triangle-9user6-delete-6user6-circle-2user6-caret-5user6-check-4user6-left-square-bracket-0user6-zig-zig-8user6-arrow-3user6-pigtail-8user6-x-6user6-right-square-bracket-3user6-rectangle-2user6-star-6user6-left-curly-brace-4user6-right-curly-brace-6,user6-left-curly-brace-8::::,user6-left-curly-brace-4::::,1,0.9017118301121877,user6-left-curly-brace-4::::,user6-right-curly-brace-6-0.9017118301121877::::user6-left-curly-brace-4-0.9017118301121877::::user6-left-square-bracket-0-0.8757230742041198::::user6-zig-zig-8-0.8757230742041198::::user6-arrow-3-0.8757230742041198::::user6-pigtail-8-0.8757230742041198::::user6-x-6-0.8757230742041198::::user6-right-square-bracket-3-0.8757230742041198::::user6-rectangle-2-0.8757230742041198::::user6-star-6-0.8757230742041198::::user6-left-curly-brace-4-0.8757230742041198::::user6-triangle-9-0.7356711031545555::::user6-delete-6-0.7356711031545555::::user6-circle-2-0.7356711031545555::::user6-caret-5-0.7356711031545555::::user6-check-4-0.7356711031545555::::user6-v-6--inf::::
user6,right-curly-brace,0,1,16,user6-v-6user6-triangle-9user6-delete-6user6-circle-2user6-caret-5user6-check-4user6-left-square-bracket-0user6-zig-zig-8user6-arrow-3user6-pigtail-8user6-x-6user6-right-square-bracket-3user6-rectangle-2user6-star-6user6-left-curly-brace-4user6-right-curly-brace-6,user6-right-curly-brace-0::::,user6-right-square-bracket-3::::,0,0.7536977047853822,user6-right-square-bracket-3::::,user6-rectangle-2-0.7536977047853822::::user6-star-6-0.7536977047853822::::user6-left-curly-brace-4-0.7536977047853822::::user6-right-curly-brace-6-0.7536977047853822::::user6-right-square-bracket-3-0.7536977047853822::::user6-pigtail-8-0.6889590172027954::::user6-x-6-0.6889590172027954::::user6-right-square-bracket-3-0.6889590172027954::::user6-check-4-0.6569228626821785::::user6-left-square-bracket-0-0.6569228626821785::::user6-zig-zig-8-0.6569228626821785::::user6-arrow-3-0.6569228626821785::::user6-triangle-9-0.4953852560715867::::user6-delete-6-0.4953852560715867::::user6-circle-2-0.4953852560715867::::user6-caret-5-0.4953852560715867::::user6-v-6--inf::::
Total avg. accuracy:,0.75
